bid_open,bid_high,bid_low,bid_close,datetime,ask_open,ask_high,ask_low,ask_close,open,high,low,close,spread_close
4.13289,4.13731,4.1074,4.12208,2024-05-15,4.13405,4.14065,4.12461,4.12881,4.13347,4.13898,4.116005,4.125445,0.0067299999999992
4.12769,4.13886,4.11508,4.13305,2024-05-16,4.13407,4.14234,4.1183,4.13897,4.13088,4.1406,4.11669,4.13601,0.0059199999999997
4.13328,4.1387,4.12071,4.12924,2024-05-17,4.13962,4.144,4.12703,4.13425,4.13645,4.14135,4.12387,4.131745,0.0050099999999995
4.12924,4.12924,4.12924,4.12924,2024-05-18,4.13425,4.13425,4.13425,4.13425,4.131745,4.131745,4.131745,4.131745,0.0050099999999995
4.12924,4.12924,4.12924,4.12924,2024-05-19,4.13425,4.13425,4.13425,4.13425,4.131745,4.131745,4.131745,4.131745,0.0050099999999995
4.1346,4.1346,4.11422,4.12782,2024-05-20,4.13744,4.13744,4.12581,4.13401,4.13602,4.13602,4.120015,4.130915,0.0061900000000001
4.1283,4.13127,4.12171,4.12209,2024-05-21,4.13393,4.1349,4.12301,4.12894,4.131115,4.133085,4.1223600000000005,4.125515,0.00685
4.12209,4.12935,4.11922,4.11922,2024-05-22,4.12889,4.14456,4.12048,4.12492,4.12549,4.136955,4.11985,4.122070000000001,0.0057
4.12193,4.12783,4.11818,4.1236,2024-05-23,4.12641,4.13051,4.12059,4.13019,4.12417,4.12917,4.119384999999999,4.126894999999999,0.00659
4.12359,4.13233,4.12133,4.12149,2024-05-24,4.12968,4.13445,4.1227,4.1282,4.126635,4.13339,4.122015,4.124845,0.0067099999999999
4.12149,4.12149,4.12149,4.12149,2024-05-25,4.1282,4.1282,4.1282,4.1282,4.124845,4.124845,4.124845,4.124845,0.0067099999999999
4.12149,4.12149,4.12149,4.12149,2024-05-26,4.1282,4.1282,4.1282,4.1282,4.124845,4.124845,4.124845,4.124845,0.0067099999999999
4.1215,4.12487,4.1075,4.1127,2024-05-27,4.12763,4.13594,4.11834,4.12616,4.1245650000000005,4.130405,4.11292,4.11943,0.0134599999999993
4.12001,4.12992,4.1185,4.12269,2024-05-28,4.1231,4.13559,4.11985,4.12575,4.121555,4.132755,4.119175,4.12422,0.0030599999999996
4.12298,4.13343,4.12246,4.12457,2024-05-29,4.12587,4.13685,4.12358,4.12778,4.1244250000000005,4.13514,4.12302,4.126175,0.0032099999999992
4.1288,4.13999,4.11536,4.11536,2024-05-30,4.13032,4.14761,4.11729,4.11776,4.12956,4.143800000000001,4.116325,4.11656,0.0023999999999997
4.12596,4.13295,4.1137,4.1141,2024-05-31,4.12931,4.13443,4.11683,4.11923,4.127635,4.13369,4.115265,4.116664999999999,0.0051300000000003
4.1141,4.1141,4.1141,4.1141,2024-06-01,4.11923,4.11923,4.11923,4.11923,4.116664999999999,4.116664999999999,4.116664999999999,4.116664999999999,0.0051300000000003
4.1141,4.1141,4.1141,4.1141,2024-06-02,4.11923,4.11923,4.11923,4.11923,4.116664999999999,4.116664999999999,4.116664999999999,4.116664999999999,0.0051300000000003
4.11538,4.1246,4.1148,4.11627,2024-06-03,4.11962,4.12577,4.116,4.11907,4.1175,4.125185,4.115399999999999,4.11767,0.0027999999999996
4.11557,4.17657,4.11486,4.1757,2024-06-04,4.1198,4.17833,4.11816,4.1776,4.117685,4.17745,4.11651,4.17665,0.0019
4.17632,4.1789,4.12411,4.12892,2024-06-05,4.17823,4.18147,4.13156,4.13156,4.177275,4.180185,4.127835,4.130240000000001,0.0026400000000004
4.12657,4.13086,4.11601,4.12745,2024-06-06,4.12835,4.13218,4.12203,4.13025,4.12746,4.13152,4.11902,4.12885,0.0028000000000005
4.13818,4.15716,4.12696,4.15385,2024-06-07,4.14158,4.16169,4.13057,4.15618,4.13988,4.159425000000001,4.128765,4.155015000000001,0.0023299999999997
4.15385,4.15385,4.15385,4.15385,2024-06-08,4.15618,4.15618,4.15618,4.15618,4.155015000000001,4.155015000000001,4.155015000000001,4.155015000000001,0.0023299999999997
4.15385,4.15385,4.15385,4.15385,2024-06-09,4.15618,4.15618,4.15618,4.15618,4.155015000000001,4.155015000000001,4.155015000000001,4.155015000000001,0.0023299999999997
4.15562,4.15938,4.13798,4.14004,2024-06-10,4.15936,4.16792,4.14032,4.14216,4.15749,4.16365,4.13915,4.1411,0.0021199999999996
4.14186,4.15111,4.13692,4.14134,2024-06-11,4.14802,4.15376,4.13992,4.14366,4.14494,4.1524350000000005,4.13842,4.1425,0.00232
4.13958,4.14612,4.12642,4.13224,2024-06-12,4.14599,4.15214,4.13345,4.13731,4.142785,4.14913,4.129935,4.134775,0.0050699999999999
4.13266,4.15906,4.12991,4.15861,2024-06-13,4.13561,4.16569,4.1322,4.16292,4.134135,4.162375,4.131055,4.160765,0.0043099999999993
4.15835,4.1964,4.15809,4.19416,2024-06-14,4.16292,4.20247,4.16221,4.19928,4.160635,4.199434999999999,4.16015,4.19672,0.0051199999999997
4.19416,4.19416,4.19416,4.19416,2024-06-15,4.19928,4.19928,4.19928,4.19928,4.19672,4.19672,4.19672,4.19672,0.0051199999999997
4.19416,4.19416,4.19416,4.19416,2024-06-16,4.19928,4.19928,4.19928,4.19928,4.19672,4.19672,4.19672,4.19672,0.0051199999999997
4.18914,4.2085,4.18687,4.19918,2024-06-17,4.1932,4.21058,4.1904,4.20553,4.19117,4.2095400000000005,4.188635,4.202355000000001,0.0063500000000003
4.20103,4.20388,4.16545,4.16587,2024-06-18,4.20728,4.20969,4.17037,4.17192,4.204155,4.206785,4.16791,4.168895,0.0060500000000001
4.16989,4.17475,4.15831,4.16413,2024-06-19,4.1745,4.18461,4.16332,4.1694,4.172195,4.17968,4.160815,4.166765,0.0052700000000003
4.16417,4.21078,4.1626,4.2065,2024-06-20,4.16947,4.21335,4.16505,4.21335,4.16682,4.212065,4.163825,4.209925,0.00685
4.20401,4.21398,4.20245,4.2087,2024-06-21,4.21011,4.21517,4.20415,4.21341,4.20706,4.214575,4.2033000000000005,4.211055,0.0047099999999993
4.2087,4.2087,4.2087,4.2087,2024-06-22,4.21341,4.21341,4.21341,4.21341,4.211055,4.211055,4.211055,4.211055,0.0047099999999993
4.2087,4.2087,4.2087,4.2087,2024-06-23,4.21341,4.21341,4.21341,4.21341,4.211055,4.211055,4.211055,4.211055,0.0047099999999993
4.20668,4.21763,4.20086,4.21313,2024-06-24,4.20858,4.21957,4.20225,4.21761,4.20763,4.2186,4.201555,4.21537,0.00448
4.21711,4.2289,4.21246,4.21457,2024-06-25,4.21915,4.24413,4.21658,4.21796,4.21813,4.236515000000001,4.21452,4.216265,0.0033899999999995
4.21502,4.22621,4.19978,4.20293,2024-06-26,4.22155,4.22855,4.20434,4.21,4.218285,4.22738,4.20206,4.206465,0.0070699999999996
4.20391,4.21799,4.201,4.20362,2024-06-27,4.21053,4.21968,4.20294,4.20863,4.20722,4.218835,4.201969999999999,4.206125,0.0050100000000004
4.21001,4.22803,4.18728,4.18948,2024-06-28,4.21651,4.22991,4.19202,4.19579,4.21326,4.22897,4.18965,4.192634999999999,0.00631
4.18948,4.18948,4.18948,4.18948,2024-06-29,4.19579,4.19579,4.19579,4.19579,4.192634999999999,4.192634999999999,4.192634999999999,4.192634999999999,0.00631
4.18948,4.18948,4.18948,4.18948,2024-06-30,4.19579,4.19579,4.19579,4.19579,4.192634999999999,4.192634999999999,4.192634999999999,4.192634999999999,0.00631
4.18733,4.19779,4.17336,4.17368,2024-07-01,4.19322,4.20234,4.17844,4.17935,4.190275,4.200065,4.1759,4.176515,0.0056700000000002
4.17939,4.18843,4.15384,4.16222,2024-07-02,4.18579,4.18982,4.16335,4.16849,4.182589999999999,4.189125000000001,4.158595,4.165355,0.0062700000000006
4.16384,4.17632,4.16099,4.16546,2024-07-03,4.16702,4.17878,4.16313,4.17097,4.165430000000001,4.17755,4.16206,4.168215,0.0055099999999992
4.16554,4.17246,4.16171,4.16879,2024-07-04,4.17099,4.17511,4.16672,4.17383,4.168265,4.1737850000000005,4.164215,4.17131,0.0050399999999992
4.17674,4.19494,4.17271,4.17278,2024-07-05,4.18303,4.19676,4.17768,4.17893,4.179885,4.19585,4.175195,4.175855,0.0061499999999998
4.17278,4.17278,4.17278,4.17278,2024-07-06,4.17893,4.17893,4.17893,4.17893,4.175855,4.175855,4.175855,4.175855,0.0061499999999998
4.17278,4.17278,4.17278,4.17278,2024-07-07,4.17893,4.17893,4.17893,4.17893,4.175855,4.175855,4.175855,4.175855,0.0061499999999998
4.1802,4.19193,4.17746,4.18398,2024-07-08,4.18299,4.19335,4.17925,4.18899,4.181595,4.19264,4.178355,4.186485,0.0050100000000004
4.18428,4.21489,4.18428,4.20489,2024-07-09,4.18859,4.22671,4.1883,4.20879,4.186435,4.2208,4.18629,4.20684,0.0038999999999997
4.21294,4.22702,4.19616,4.20431,2024-07-10,4.21711,4.22878,4.20555,4.20858,4.215025,4.2279,4.200855,4.206445,0.0042699999999999
4.21348,4.22179,4.20131,4.22089,2024-07-11,4.21527,4.22623,4.20274,4.22399,4.214375,4.22401,4.202025000000001,4.22244,0.0030999999999998
4.22089,4.2365,4.22079,4.22648,2024-07-12,4.22412,4.23785,4.2224,4.23265,4.222505,4.237175000000001,4.221595000000001,4.229564999999999,0.00617
4.22648,4.22648,4.22648,4.22648,2024-07-13,4.23265,4.23265,4.23265,4.23265,4.229564999999999,4.229564999999999,4.229564999999999,4.229564999999999,0.00617
4.22648,4.22648,4.22648,4.22648,2024-07-14,4.23265,4.23265,4.23265,4.23265,4.229564999999999,4.229564999999999,4.229564999999999,4.229564999999999,0.00617
4.2371,4.23815,4.21013,4.22303,2024-07-15,4.23904,4.24008,4.22421,4.23416,4.23807,4.239115,4.21717,4.228595,0.0111300000000005
4.23275,4.24023,4.22941,4.22946,2024-07-16,4.23619,4.24127,4.2318,4.23184,4.23447,4.24075,4.230605,4.230650000000001,0.0023799999999996
4.23602,4.23931,4.23377,4.23377,2024-07-17,4.23941,4.24058,4.23615,4.23936,4.237715,4.239945,4.23496,4.236565,0.0055899999999997
4.23914,4.23974,4.23176,4.23438,2024-07-18,4.24051,4.24199,4.23309,4.23636,4.239825,4.240865,4.232425,4.23537,0.0019800000000005
4.23701,4.23962,4.2229,4.22293,2024-07-19,4.23907,4.24087,4.22496,4.22765,4.23804,4.240245,4.22393,4.225289999999999,0.0047199999999998
4.22293,4.22293,4.22293,4.22293,2024-07-20,4.22765,4.22765,4.22765,4.22765,4.225289999999999,4.225289999999999,4.225289999999999,4.225289999999999,0.0047199999999998
4.22293,4.22293,4.22293,4.22293,2024-07-21,4.22765,4.22765,4.22765,4.22765,4.225289999999999,4.225289999999999,4.225289999999999,4.225289999999999,0.0047199999999998
4.23594,4.23731,4.20405,4.20926,2024-07-22,4.23796,4.2385,4.2114,4.2123,4.23695,4.237905,4.207725,4.21078,0.0030400000000003
4.21819,4.22205,4.19832,4.20085,2024-07-23,4.22126,4.22411,4.20069,4.20605,4.219725,4.22308,4.199505,4.20345,0.0052000000000003
4.20587,4.21002,4.19815,4.19983,2024-07-24,4.2086,4.21133,4.20073,4.20413,4.207235,4.210675,4.19944,4.201980000000001,0.0042999999999997
4.2245,4.24285,4.21659,4.24221,2024-07-25,4.22795,4.24576,4.21928,4.24319,4.226225,4.244305,4.217935000000001,4.2427,0.0009800000000002
4.24224,4.24285,4.20934,4.21444,2024-07-26,4.24353,4.24445,4.21516,4.21693,4.242884999999999,4.24365,4.21225,4.215685,0.0024899999999998
4.21444,4.21444,4.21444,4.21444,2024-07-27,4.21693,4.21693,4.21693,4.21693,4.215685,4.215685,4.215685,4.215685,0.0024899999999998
4.21444,4.21444,4.21444,4.21444,2024-07-28,4.21693,4.21693,4.21693,4.21693,4.215685,4.215685,4.215685,4.215685,0.0024899999999998
4.22152,4.23537,4.22152,4.23537,2024-07-29,4.2246,4.24391,4.22321,4.23774,4.22306,4.23964,4.222365,4.236554999999999,0.0023699999999999
4.23003,4.23771,4.22953,4.23707,2024-07-30,4.23445,4.24268,4.23324,4.24014,4.23224,4.240195,4.231385,4.238605,0.0030700000000001
4.23708,4.24536,4.23483,4.23744,2024-07-31,4.24009,4.24766,4.23756,4.24155,4.2385850000000005,4.24651,4.236195,4.239495,0.0041099999999998
4.24633,4.24653,4.22983,4.23109,2024-08-01,4.24815,4.24912,4.23101,4.23617,4.24724,4.247825,4.2304200000000005,4.23363,0.0050800000000004
4.24358,4.25668,4.24286,4.25497,2024-08-02,4.24577,4.26067,4.24566,4.25889,4.244675,4.258675,4.244260000000001,4.2569300000000005,0.0039199999999999
4.25497,4.25497,4.25497,4.25497,2024-08-03,4.25889,4.25889,4.25889,4.25889,4.2569300000000005,4.2569300000000005,4.2569300000000005,4.2569300000000005,0.0039199999999999
4.25497,4.25497,4.25497,4.25497,2024-08-04,4.25889,4.25889,4.25889,4.25889,4.2569300000000005,4.2569300000000005,4.2569300000000005,4.2569300000000005,0.0039199999999999
4.26038,4.29554,4.26011,4.27778,2024-08-05,4.26261,4.2998,4.26234,4.2806,4.261495,4.29767,4.261225,4.27919,0.0028199999999998
4.28644,4.31282,4.26645,4.3112,2024-08-06,4.29213,4.32283,4.26908,4.31408,4.289285,4.317825,4.267765,4.31264,0.0028799999999993
4.31129,4.31155,4.2873,4.29404,2024-08-07,4.31406,4.31412,4.28999,4.29644,4.312675,4.312835,4.288645000000001,4.29524,0.0023999999999997
4.29979,4.30692,4.29105,4.29335,2024-08-08,4.30297,4.30822,4.29429,4.2958,4.30138,4.30757,4.29267,4.294575,0.0024499999999996
4.30798,4.30909,4.29019,4.29648,2024-08-09,4.30971,4.31029,4.2953,4.30008,4.308845,4.30969,4.292745,4.29828,0.0036000000000004
4.29648,4.29648,4.29648,4.29648,2024-08-10,4.30008,4.30008,4.30008,4.30008,4.29828,4.29828,4.29828,4.29828,0.0036000000000004
4.29648,4.29648,4.29648,4.29648,2024-08-11,4.30008,4.30008,4.30008,4.30008,4.29828,4.29828,4.29828,4.29828,0.0036000000000004
4.30257,4.30924,4.2985,4.30391,2024-08-12,4.30625,4.31171,4.29992,4.30669,4.304410000000001,4.310475,4.29921,4.3053,0.0027799999999995
4.30715,4.31003,4.30064,4.30064,2024-08-13,4.30951,4.31132,4.30392,4.30502,4.30833,4.310675,4.30228,4.30283,0.0043800000000002
4.30623,4.31637,4.30293,4.30868,2024-08-14,4.30866,4.32004,4.30437,4.31221,4.307445,4.318205,4.303649999999999,4.310445,0.0035300000000004
4.31264,4.32169,4.3092,4.30927,2024-08-15,4.314,4.32308,4.31049,4.31259,4.31332,4.322385000000001,4.309844999999999,4.31093,0.0033200000000004
4.3209,4.32396,4.31779,4.31895,2024-08-16,4.32401,4.32576,4.31934,4.32344,4.322455,4.324859999999999,4.318565,4.321195,0.0044899999999996
4.31895,4.31895,4.31895,4.31895,2024-08-17,4.32344,4.32344,4.32344,4.32344,4.321195,4.321195,4.321195,4.321195,0.0044899999999996
4.31895,4.31895,4.31895,4.31895,2024-08-18,4.32344,4.32344,4.32344,4.32344,4.321195,4.321195,4.321195,4.321195,0.0044899999999996
4.32648,4.3356,4.32621,4.33519,2024-08-19,4.32783,4.33949,4.32775,4.33716,4.327154999999999,4.337545,4.32698,4.336175,0.00197
4.33706,4.3535,4.33158,4.35222,2024-08-20,4.34003,4.35536,4.33408,4.35399,4.338545,4.354430000000001,4.33283,4.353104999999999,0.0017699999999996
4.35241,4.36642,4.34954,4.36581,2024-08-21,4.35396,4.37284,4.35092,4.37124,4.353185,4.36963,4.35023,4.368525,0.0054300000000004
4.36582,4.36858,4.35303,4.35974,2024-08-22,4.37109,4.38147,4.36179,4.36215,4.368455,4.375025,4.35741,4.360945,0.0024099999999993
4.35974,4.36475,4.35404,4.35708,2024-08-23,4.36211,4.3682,4.35572,4.36184,4.360925,4.366474999999999,4.35488,4.35946,0.00476
4.35708,4.35708,4.35708,4.35708,2024-08-24,4.36184,4.36184,4.36184,4.36184,4.35946,4.35946,4.35946,4.35946,0.00476
4.35708,4.35708,4.35708,4.35708,2024-08-25,4.36184,4.36184,4.36184,4.36184,4.35946,4.35946,4.35946,4.35946,0.00476
4.3631,4.36446,4.35374,4.36352,2024-08-26,4.36528,4.36862,4.35918,4.36566,4.364190000000001,4.3665400000000005,4.35646,4.36459,0.0021399999999998
4.3635,4.36707,4.35482,4.36286,2024-08-27,4.36564,4.36983,4.36236,4.36758,4.3645700000000005,4.36845,4.35859,4.365220000000001,0.0047199999999998
4.42914,4.42914,4.373,4.37426,2024-08-28,4.43678,4.43678,4.37676,4.38082,4.43296,4.43296,4.37488,4.37754,0.0065600000000003
4.37441,4.38198,4.36191,4.36973,2024-08-29,4.37976,4.38606,4.36877,4.3736,4.377085,4.38402,4.36534,4.371665,0.00387
4.36973,4.37214,4.36043,4.3674,2024-08-30,4.37364,4.3772,4.36647,4.37267,4.371684999999999,4.37467,4.36345,4.370035,0.0052700000000003
4.3674,4.3674,4.3674,4.3674,2024-08-31,4.37267,4.37267,4.37267,4.37267,4.370035,4.370035,4.370035,4.370035,0.0052700000000003
4.3674,4.3674,4.3674,4.3674,2024-09-01,4.37267,4.37267,4.37267,4.37267,4.370035,4.370035,4.370035,4.370035,0.0052700000000003
4.37384,4.37474,4.34276,4.35259,2024-09-02,4.37949,4.38116,4.35422,4.35913,4.376665,4.37795,4.34849,4.35586,0.0065400000000002
4.35253,4.36787,4.35178,4.36168,2024-09-03,4.35886,4.37468,4.35756,4.36843,4.355695,4.371275,4.3546700000000005,4.365055,0.0067500000000002
4.36397,4.37675,4.35957,4.36327,2024-09-04,4.37054,4.38354,4.36767,4.36814,4.367255,4.380145000000001,4.36362,4.365705,0.0048700000000003
4.3789,4.37953,4.35995,4.36445,2024-09-05,4.38534,4.38547,4.36877,4.37566,4.3821200000000005,4.3825,4.36436,4.370055,0.0112100000000001
4.36639,4.37327,4.35117,4.36017,2024-09-06,4.36965,4.37931,4.36225,4.36658,4.36802,4.37629,4.35671,4.363375,0.0064099999999998
4.36017,4.36017,4.36017,4.36017,2024-09-07,4.36658,4.36658,4.36658,4.36658,4.363375,4.363375,4.363375,4.363375,0.0064099999999998
4.36017,4.36017,4.36017,4.36017,2024-09-08,4.36658,4.36658,4.36658,4.36658,4.363375,4.363375,4.363375,4.363375,0.0064099999999998
4.36456,4.37454,4.35801,4.37165,2024-09-09,4.37118,4.38705,4.36546,4.37811,4.36787,4.380795,4.361735,4.37488,0.0064600000000005
4.37099,4.37689,4.36593,4.36598,2024-09-10,4.37769,4.38053,4.3716,4.37184,4.37434,4.37871,4.368765,4.36891,0.0058599999999993
4.36997,4.37208,4.35606,4.35825,2024-09-11,4.37546,4.37714,4.36387,4.3654,4.372715,4.3746100000000006,4.359965000000001,4.361825,0.0071500000000002
4.37095,4.37319,4.352,4.35212,2024-09-12,4.37656,4.37788,4.3564,4.3589,4.373754999999999,4.375535,4.3542000000000005,4.355510000000001,0.00678
4.35557,4.36094,4.3369,4.35678,2024-09-13,4.36185,4.36616,4.3538,4.36236,4.35871,4.36355,4.34535,4.35957,0.0055800000000001
4.35678,4.35678,4.35678,4.35678,2024-09-14,4.36236,4.36236,4.36236,4.36236,4.35957,4.35957,4.35957,4.35957,0.0055800000000001
4.35678,4.35678,4.35678,4.35678,2024-09-15,4.36236,4.36236,4.36236,4.36236,4.35957,4.35957,4.35957,4.35957,0.0055800000000001
4.36045,4.37426,4.35382,4.36657,2024-09-16,4.36859,4.38668,4.36124,4.37565,4.364520000000001,4.38047,4.35753,4.37111,0.0090799999999999
4.36863,4.38239,4.36305,4.37785,2024-09-17,4.37721,4.39322,4.37455,4.38635,4.37292,4.387805,4.3688,4.382099999999999,0.0085000000000006
4.3747,4.38039,4.36703,4.37292,2024-09-18,4.38224,4.39496,4.37563,4.38057,4.37847,4.387675,4.37133,4.376745,0.0076499999999999
4.38113,4.38445,4.36002,4.3698,2024-09-19,4.38674,4.39477,4.37475,4.377,4.383934999999999,4.38961,4.367385,4.3734,0.0072
4.3755,4.3831,4.37311,4.37904,2024-09-20,4.38309,4.38747,4.38097,4.38655,4.379295,4.385285,4.377039999999999,4.382795,0.0075099999999999
4.37904,4.37904,4.37904,4.37904,2024-09-21,4.38655,4.38655,4.38655,4.38655,4.382795,4.382795,4.382795,4.382795,0.0075099999999999
4.37904,4.37904,4.37904,4.37904,2024-09-22,4.38655,4.38655,4.38655,4.38655,4.382795,4.382795,4.382795,4.382795,0.0075099999999999
4.38165,4.39011,4.38152,4.38737,2024-09-23,4.38805,4.39764,4.38805,4.39454,4.38485,4.393875,4.384785,4.390955,0.0071700000000003
4.38692,4.39186,4.37872,4.38491,2024-09-24,4.39453,4.40699,4.38731,4.39392,4.390725,4.399425000000001,4.383015,4.389415,0.0090099999999999
4.38654,4.39257,4.38191,4.38912,2024-09-25,4.39169,4.3985,4.38577,4.39557,4.389115,4.395535000000001,4.38384,4.392345000000001,0.00645
4.3967,4.40217,4.38292,4.39701,2024-09-26,4.40431,4.42162,4.40008,4.40454,4.400505,4.411895,4.391500000000001,4.400774999999999,0.00753
4.39715,4.40322,4.38632,4.40041,2024-09-27,4.40475,4.42018,4.40387,4.40985,4.40095,4.4117,4.395095,4.40513,0.0094399999999996
4.40041,4.40041,4.40041,4.40041,2024-09-28,4.40985,4.40985,4.40985,4.40985,4.40513,4.40513,4.40513,4.40513,0.0094399999999996
4.40041,4.40041,4.40041,4.40041,2024-09-29,4.40985,4.40985,4.40985,4.40985,4.40513,4.40513,4.40513,4.40513,0.0094399999999996
4.40346,4.40792,4.40237,4.40369,2024-09-30,4.41233,4.41476,4.40847,4.41383,4.407895,4.41134,4.40542,4.40876,0.0101399999999998
4.39874,4.40659,4.38853,4.40071,2024-10-01,4.40589,4.41919,4.40348,4.40819,4.402315,4.41289,4.396005000000001,4.404450000000001,0.0074800000000001
4.40784,4.41328,4.40276,4.40865,2024-10-02,4.4133,4.41945,4.41099,4.41463,4.41057,4.416365000000001,4.406874999999999,4.41164,0.00598
4.41707,4.41878,4.39844,4.41161,2024-10-03,4.42357,4.42753,4.4103,4.41748,4.42032,4.423155,4.40437,4.414545,0.0058700000000007
4.41105,4.41673,4.40798,4.41465,2024-10-04,4.4157,4.42554,4.41308,4.42085,4.413375,4.421135,4.41053,4.41775,0.0061999999999997
4.41465,4.41465,4.41465,4.41465,2024-10-05,4.42085,4.42085,4.42085,4.42085,4.41775,4.41775,4.41775,4.41775,0.0061999999999997
4.41465,4.41465,4.41465,4.41465,2024-10-06,4.42085,4.42085,4.42085,4.42085,4.41775,4.41775,4.41775,4.41775,0.0061999999999997
4.41234,4.41587,4.40133,4.4112,2024-10-07,4.41769,4.42626,4.41296,4.41783,4.415015,4.4210650000000005,4.407145,4.414515,0.0066300000000003
4.41383,4.41523,4.38873,4.40776,2024-10-08,4.41793,4.42379,4.41107,4.41457,4.41588,4.419510000000001,4.3999,4.411165,0.0068100000000006
4.41727,4.42064,4.40956,4.41315,2024-10-09,4.43921,4.43981,4.42945,4.43614,4.428240000000001,4.430225,4.419505,4.424645,0.02299
4.41812,4.42111,4.40584,4.41329,2024-10-10,4.42224,4.44205,4.41784,4.41973,4.42018,4.43158,4.41184,4.416510000000001,0.0064400000000004
4.41073,4.41306,4.40088,4.41002,2024-10-11,4.41411,4.42299,4.40861,4.4153,4.41242,4.418025,4.404745,4.412660000000001,0.0052799999999999
4.41002,4.41002,4.41002,4.41002,2024-10-12,4.4153,4.4153,4.4153,4.4153,4.412660000000001,4.412660000000001,4.412660000000001,4.412660000000001,0.0052799999999999
4.41002,4.41002,4.41002,4.41002,2024-10-13,4.4153,4.4153,4.4153,4.4153,4.412660000000001,4.412660000000001,4.412660000000001,4.412660000000001,0.0052799999999999
4.41596,4.41873,4.41106,4.41464,2024-10-14,4.41906,4.42585,4.41551,4.42103,4.41751,4.42229,4.413285,4.417835,0.0063899999999996
4.41299,4.41593,4.40303,4.40791,2024-10-15,4.41791,4.42773,4.41017,4.41269,4.41545,4.42183,4.4066,4.410299999999999,0.0047799999999993
4.40712,4.4104,4.3954,4.39768,2024-10-16,4.41118,4.41334,4.40124,4.4019,4.40915,4.41187,4.39832,4.39979,0.0042200000000001
4.40734,4.40995,4.38931,4.40098,2024-10-17,4.41388,4.41833,4.39978,4.40667,4.41061,4.41414,4.394545,4.403824999999999,0.0056900000000004
4.40711,4.41826,4.39911,4.3996,2024-10-18,4.41067,4.42215,4.41,4.41505,4.40889,4.420205,4.404555,4.407325,0.0154499999999995
4.3996,4.3996,4.3996,4.3996,2024-10-19,4.41505,4.41505,4.41505,4.41505,4.407325,4.407325,4.407325,4.407325,0.0154499999999995
4.3996,4.3996,4.3996,4.3996,2024-10-20,4.41505,4.41505,4.41505,4.41505,4.407325,4.407325,4.407325,4.407325,0.0154499999999995
4.4088,4.41252,4.40294,4.40509,2024-10-21,4.41266,4.41641,4.40843,4.41081,4.41073,4.414465,4.405685,4.40795,0.0057199999999992
4.40699,4.41072,4.40575,4.40798,2024-10-22,4.41187,4.41689,4.40952,4.41451,4.40943,4.413805,4.407635,4.411245,0.0065299999999997
4.40857,4.41727,4.40464,4.41377,2024-10-23,4.41279,4.43075,4.41196,4.4198,4.41068,4.42401,4.4083,4.416785000000001,0.0060299999999999
4.42186,4.42265,4.40465,4.41318,2024-10-24,4.42859,4.43056,4.41769,4.41999,4.425224999999999,4.426605,4.41117,4.416585,0.0068100000000006
4.41929,4.4203,4.39954,4.41625,2024-10-25,4.42354,4.44072,4.42062,4.42334,4.421415,4.43051,4.410080000000001,4.419795,0.0070899999999998
4.41625,4.41625,4.41625,4.41625,2024-10-26,4.42334,4.42334,4.42334,4.42334,4.419795,4.419795,4.419795,4.419795,0.0070899999999998
4.41625,4.41625,4.41625,4.41625,2024-10-27,4.42334,4.42334,4.42334,4.42334,4.419795,4.419795,4.419795,4.419795,0.0070899999999998
4.4067,4.40739,4.40347,4.40441,2024-10-28,4.41291,4.41514,4.40969,4.41491,4.409805,4.411265,4.40658,4.409660000000001,0.0104999999999995
4.41395,4.4166,4.39855,4.41087,2024-10-29,4.41837,4.42887,4.41424,4.41672,4.41616,4.422734999999999,4.406395,4.413795,0.0058499999999996
4.41376,4.41602,4.38649,4.40985,2024-10-30,4.41879,4.43091,4.41196,4.41671,4.416275000000001,4.423465,4.399225,4.41328,0.0068600000000005
4.41862,4.42187,4.39416,4.41707,2024-10-31,4.42508,4.44647,4.41472,4.42366,4.42185,4.43417,4.40444,4.420365,0.00659
4.4135,4.42193,4.40259,4.41723,2024-11-01,4.41863,4.44349,4.41783,4.42379,4.416065,4.43271,4.41021,4.42051,0.0065600000000003
4.41723,4.41723,4.41723,4.41723,2024-11-02,4.42379,4.42379,4.42379,4.42379,4.42051,4.42051,4.42051,4.42051,0.0065600000000003
4.41723,4.41723,4.41723,4.41723,2024-11-03,4.42379,4.42379,4.42379,4.42379,4.42051,4.42051,4.42051,4.42051,0.0065600000000003
4.41898,4.42314,4.41741,4.42102,2024-11-04,4.42418,4.42813,4.42176,4.42807,4.4215800000000005,4.425635,4.419585,4.424545,0.0070499999999995
4.42236,4.42426,4.41083,4.41105,2024-11-05,4.42499,4.43016,4.41508,4.41511,4.423675,4.4272100000000005,4.412955,4.413080000000001,0.0040599999999999
4.40879,4.41166,4.39773,4.39911,2024-11-06,4.4146,4.41709,4.40316,4.40615,4.411695,4.414375,4.400445,4.40263,0.0070399999999999
4.41876,4.4219,4.41165,4.41824,2024-11-07,4.42893,4.43179,4.41867,4.42465,4.423845,4.426845,4.41516,4.421445,0.0064099999999998
4.4202,4.42226,4.41328,4.41771,2024-11-08,4.4225,4.42616,4.41916,4.4244,4.42135,4.42421,4.41622,4.421055,0.0066900000000007
4.41771,4.41771,4.41771,4.41771,2024-11-09,4.4244,4.4244,4.4244,4.4244,4.421055,4.421055,4.421055,4.421055,0.0066900000000007
4.41771,4.41771,4.41771,4.41771,2024-11-10,4.4244,4.4244,4.4244,4.4244,4.421055,4.421055,4.421055,4.421055,0.0066900000000007
4.42295,4.42506,4.41252,4.41967,2024-11-11,4.42737,4.42805,4.42055,4.4254,4.42516,4.4265550000000005,4.416535,4.422535,0.0057299999999997
4.4198,4.42376,4.41157,4.41952,2024-11-12,4.42333,4.42757,4.42294,4.42636,4.421565,4.425665,4.417255,4.4229400000000005,0.0068399999999995
4.42225,4.42384,4.41432,4.4166,2024-11-13,4.42516,4.43106,4.41841,4.42311,4.423705,4.42745,4.416365,4.419855,0.0065100000000004
4.42636,4.4292,4.4139,4.42048,2024-11-14,4.43248,4.43964,4.42471,4.42727,4.42942,4.434419999999999,4.419305,4.423875000000001,0.0067899999999996
4.42602,4.42731,4.41756,4.42455,2024-11-15,4.4295,4.43485,4.42587,4.43073,4.42776,4.43108,4.421715,4.42764,0.0061799999999996
4.42455,4.42455,4.42455,4.42455,2024-11-16,4.43073,4.43073,4.43073,4.43073,4.42764,4.42764,4.42764,4.42764,0.0061799999999996
4.42455,4.42455,4.42455,4.42455,2024-11-17,4.43073,4.43073,4.43073,4.43073,4.42764,4.42764,4.42764,4.42764,0.0061799999999996
4.43095,4.45329,4.42991,4.44358,2024-11-18,4.43374,4.46023,4.43312,4.45034,4.432345,4.45676,4.431514999999999,4.44696,0.0067599999999998
4.45047,4.45352,4.42904,4.42916,2024-11-19,4.45452,4.45738,4.43589,4.43599,4.452495,4.45545,4.432465,4.432575,0.0068299999999998
4.44353,4.44456,4.42624,4.42624,2024-11-20,4.44623,4.44766,4.43241,4.43302,4.44488,4.44611,4.429325,4.42963,0.00678
4.44119,4.45301,4.43515,4.43994,2024-11-21,4.45527,4.46048,4.43912,4.4446,4.44823,4.456745,4.437135,4.442270000000001,0.0046600000000003
4.44804,4.44923,4.42619,4.43972,2024-11-22,4.45226,4.45462,4.44196,4.44628,4.45015,4.451925,4.434075,4.443,0.0065599999999994
4.43972,4.43972,4.43972,4.43972,2024-11-23,4.44628,4.44628,4.44628,4.44628,4.443,4.443,4.443,4.443,0.0065599999999994
4.43972,4.43972,4.43972,4.43972,2024-11-24,4.44628,4.44628,4.44628,4.44628,4.443,4.443,4.443,4.443,0.0065599999999994
4.44825,4.45348,4.44063,4.44537,2024-11-25,4.45108,4.45547,4.44608,4.45153,4.449665,4.454475,4.443355,4.448449999999999,0.0061600000000003
4.45846,4.46084,4.45517,4.45621,2024-11-26,4.46241,4.46579,4.45954,4.46253,4.460435,4.463315,4.457355,4.45937,0.0063200000000005
4.45284,4.45445,4.44415,4.4472,2024-11-27,4.45542,4.46456,4.45212,4.4539,4.45413,4.459505,4.448135,4.45055,0.0067000000000003
4.4641,4.46551,4.45393,4.45478,2024-11-28,4.47068,4.47113,4.45952,4.4616,4.46739,4.46832,4.4567250000000005,4.45819,0.0068199999999993
4.46103,4.4636,4.45658,4.45834,2024-11-29,4.46443,4.46865,4.45922,4.46689,4.4627300000000005,4.466125,4.4579,4.462615,0.0085500000000005
4.45834,4.45834,4.45834,4.45834,2024-11-30,4.46689,4.46689,4.46689,4.46689,4.462615,4.462615,4.462615,4.462615,0.0085500000000005
4.45834,4.45834,4.45834,4.45834,2024-12-01,4.46689,4.46689,4.46689,4.46689,4.462615,4.462615,4.462615,4.462615,0.0085500000000005
4.46531,4.46723,4.4597,4.46232,2024-12-02,4.468,4.47363,4.46465,4.46998,4.466654999999999,4.47043,4.462175,4.46615,0.0076599999999995
4.46721,4.46921,4.4639,4.46572,2024-12-03,4.47033,4.47683,4.46807,4.47163,4.468769999999999,4.47302,4.465985,4.468675,0.00591
4.46837,4.47029,4.46148,4.46455,2024-12-04,4.47236,4.47834,4.4658,4.46927,4.470365,4.474315000000001,4.46364,4.46691,0.0047199999999998
4.47661,4.4781,4.46738,4.47289,2024-12-05,4.48153,4.48202,4.47137,4.47818,4.47907,4.48006,4.469375,4.475535,0.0052900000000004
4.47618,4.47737,4.4585,4.47299,2024-12-06,4.47927,4.49008,4.47512,4.47979,4.477725,4.483725,4.466810000000001,4.47639,0.0068000000000001
4.47299,4.47299,4.47299,4.47299,2024-12-07,4.47979,4.47979,4.47979,4.47979,4.47639,4.47639,4.47639,4.47639,0.0068000000000001
4.47299,4.47299,4.47299,4.47299,2024-12-08,4.47979,4.47979,4.47979,4.47979,4.47639,4.47639,4.47639,4.47639,0.0068000000000001
4.47696,4.4832,4.47654,4.48168,2024-12-09,4.48058,4.48872,4.48003,4.48754,4.47877,4.48596,4.478285,4.48461,0.0058600000000001
4.4825,4.48633,4.48149,4.48382,2024-12-10,4.48811,4.49255,4.48546,4.48972,4.485305,4.48944,4.483475,4.48677,0.0059000000000004
4.48699,4.49019,4.47409,4.48812,2024-12-11,4.49048,4.5049,4.48869,4.49503,4.488735,4.497545000000001,4.48139,4.491575,0.0069099999999995
4.49696,4.50116,4.49013,4.4978,2024-12-12,4.50364,4.50742,4.49782,4.50515,4.500299999999999,4.504289999999999,4.493975,4.501475,0.0073500000000006
4.49797,4.50006,4.47221,4.49633,2024-12-13,4.50112,4.50633,4.4985,4.50469,4.499545,4.503195,4.485355,4.50051,0.0083599999999997
4.49633,4.49633,4.49633,4.49633,2024-12-14,4.50469,4.50469,4.50469,4.50469,4.50051,4.50051,4.50051,4.50051,0.0083599999999997
4.49633,4.49633,4.49633,4.49633,2024-12-15,4.50469,4.50469,4.50469,4.50469,4.50051,4.50051,4.50051,4.50051,0.0083599999999997
4.50078,4.50163,4.48882,4.49478,2024-12-16,4.50376,4.5084,4.49569,4.5019,4.502269999999999,4.505015,4.492255,4.498340000000001,0.0071199999999995
4.50256,4.50792,4.50099,4.50551,2024-12-17,4.50931,4.51352,4.50745,4.51112,4.505935,4.51072,4.50422,4.508315,0.0056099999999998
4.50968,4.51457,4.5043,4.51109,2024-12-18,4.51313,4.52044,4.51102,4.51552,4.511405,4.517505,4.50766,4.513305000000001,0.0044300000000001
4.52508,4.53419,4.51935,4.5295,2024-12-19,4.52865,4.5594,4.52811,4.53556,4.526865,4.546795,4.5237300000000005,4.53253,0.0060600000000006
4.52631,4.53394,4.52626,4.53125,2024-12-20,4.53173,4.55697,4.52985,4.53609,4.529019999999999,4.5454550000000005,4.528055,4.53367,0.0048399999999997
4.53125,4.53125,4.53125,4.53125,2024-12-21,4.53609,4.53609,4.53609,4.53609,4.53367,4.53367,4.53367,4.53367,0.0048399999999997
4.53125,4.53125,4.53125,4.53125,2024-12-22,4.53609,4.53609,4.53609,4.53609,4.53367,4.53367,4.53367,4.53367,0.0048399999999997
4.54746,4.54874,4.52789,4.54097,2024-12-23,4.55254,4.55851,4.54843,4.55363,4.55,4.553625,4.53816,4.5473,0.0126600000000003
4.55646,4.55939,4.53454,4.54181,2024-12-24,4.56212,4.57893,4.56117,4.5664,4.559290000000001,4.56916,4.547855,4.554105,0.0245899999999998
4.54181,4.54181,4.54181,4.54181,2024-12-25,4.5664,4.5664,4.5664,4.5664,4.554105,4.554105,4.554105,4.554105,0.0245899999999998
4.54706,4.55153,4.53035,4.53855,2024-12-26,4.56435,4.56463,4.53978,4.54476,4.555705,4.55808,4.535065,4.541655,0.0062100000000002
4.54393,4.54792,4.53426,4.53874,2024-12-27,4.54973,4.55449,4.53836,4.54526,4.54683,4.551205,4.53631,4.542,0.00652
4.53874,4.53874,4.53874,4.53874,2024-12-28,4.54526,4.54526,4.54526,4.54526,4.542,4.542,4.542,4.542,0.00652
4.53874,4.53874,4.53874,4.53874,2024-12-29,4.54526,4.54526,4.54526,4.54526,4.542,4.542,4.542,4.542,0.00652
4.55163,4.55349,4.53443,4.54834,2024-12-30,4.56106,4.56819,4.54936,4.56,4.556345,4.560840000000001,4.541895,4.554169999999999,0.01166
4.55188,4.55188,4.55188,4.55188,2025-01-01,4.55917,4.55917,4.55917,4.55917,4.555524999999999,4.555524999999999,4.555524999999999,4.555524999999999,0.0072900000000002
4.55188,4.56056,4.52004,4.55061,2025-01-02,4.55917,4.56396,4.54952,4.55705,4.555524999999999,4.56226,4.53478,4.55383,0.0064400000000004
4.55061,4.55378,4.54248,4.5478,2025-01-03,4.55705,4.56017,4.5492,4.55566,4.55383,4.556975,4.54584,4.551729999999999,0.0078599999999999
4.5478,4.5478,4.5478,4.5478,2025-01-04,4.55566,4.55566,4.55566,4.55566,4.551729999999999,4.551729999999999,4.551729999999999,4.551729999999999,0.0078599999999999
4.5478,4.5478,4.5478,4.5478,2025-01-05,4.55566,4.55566,4.55566,4.55566,4.551729999999999,4.551729999999999,4.551729999999999,4.551729999999999,0.0078599999999999
4.5478,4.55238,4.53932,4.5403,2025-01-06,4.55566,4.55566,4.54498,4.54691,4.551729999999999,4.55402,4.54215,4.543605,0.0066099999999993
4.5403,4.55097,4.5403,4.5441,2025-01-07,4.54691,4.55426,4.54677,4.55112,4.543605,4.552615,4.543535,4.547610000000001,0.0070199999999998
4.5441,4.55498,4.54261,4.54261,2025-01-08,4.55112,4.5588,4.54714,4.54997,4.547610000000001,4.556889999999999,4.544874999999999,4.54629,0.0073600000000002
4.54261,4.55677,4.54261,4.54657,2025-01-09,4.54997,4.56069,4.54997,4.55433,4.54629,4.558730000000001,4.54629,4.55045,0.0077600000000002
4.54657,4.55611,4.53922,4.54783,2025-01-10,4.55433,4.56977,4.55249,4.55315,4.55045,4.56294,4.545855,4.55049,0.0053199999999993
4.54783,4.54783,4.54783,4.54783,2025-01-11,4.55315,4.55315,4.55315,4.55315,4.55049,4.55049,4.55049,4.55049,0.0053199999999993
4.54783,4.54783,4.54783,4.54783,2025-01-12,4.55315,4.55315,4.55315,4.55315,4.55049,4.55049,4.55049,4.55049,0.0053199999999993
4.54783,4.56425,4.54783,4.55866,2025-01-13,4.55315,4.56869,4.55315,4.56789,4.55049,4.566470000000001,4.55049,4.563275,0.0092300000000005
4.55866,4.56297,4.55287,4.55685,2025-01-14,4.56789,4.57464,4.56019,4.56368,4.563275,4.568804999999999,4.55653,4.560264999999999,0.0068299999999998
4.55685,4.5614,4.55132,4.55397,2025-01-15,4.56368,4.57445,4.55734,4.56034,4.560264999999999,4.567925,4.55433,4.557155,0.0063700000000004
4.55397,4.56888,4.55397,4.56049,2025-01-16,4.56034,4.5758,4.56034,4.56785,4.557155,4.5723400000000005,4.557155,4.56417,0.0073600000000002
4.56049,4.5686,4.54242,4.5642,2025-01-17,4.56785,4.57148,4.55978,4.56969,4.56417,4.5700400000000005,4.5511,4.566945,0.0054899999999999
4.5642,4.5642,4.5642,4.5642,2025-01-18,4.56969,4.56969,4.56969,4.56969,4.566945,4.566945,4.566945,4.566945,0.0054899999999999
4.5642,4.5642,4.5642,4.5642,2025-01-19,4.56969,4.56969,4.56969,4.56969,4.566945,4.566945,4.566945,4.566945,0.0054899999999999
4.5642,4.57792,4.5642,4.57436,2025-01-20,4.56969,4.58591,4.56969,4.58075,4.566945,4.581915,4.566945,4.577555,0.0063899999999996
4.57436,4.58033,4.57104,4.57178,2025-01-21,4.58075,4.5843,4.57733,4.58244,4.577555,4.582315,4.574185,4.57711,0.0106599999999996
4.57178,4.5815,4.57178,4.57774,2025-01-22,4.58244,4.58559,4.58123,4.58546,4.57711,4.583545,4.576505,4.5816,0.0077199999999999
4.57774,4.58978,4.57774,4.58255,2025-01-23,4.58546,4.59495,4.58546,4.589,4.5816,4.592365,4.5816,4.585775,0.00645
4.58255,4.5882,4.5751,4.57946,2025-01-24,4.589,4.59249,4.58513,4.59124,4.585775,4.590344999999999,4.580115,4.58535,0.0117799999999999
4.57946,4.57946,4.57946,4.57946,2025-01-25,4.59124,4.59124,4.59124,4.59124,4.58535,4.58535,4.58535,4.58535,0.0117799999999999
4.57946,4.57946,4.57946,4.57946,2025-01-26,4.59124,4.59124,4.59124,4.59124,4.58535,4.58535,4.58535,4.58535,0.0117799999999999
4.57946,4.60435,4.57946,4.60183,2025-01-27,4.59124,4.6264,4.59124,4.62592,4.58535,4.615375,4.58535,4.613875,0.0240900000000001
4.60183,4.60663,4.59895,4.59934,2025-01-28,4.62592,4.62716,4.62084,4.62355,4.613875,4.616895,4.609895,4.611445,0.02421
4.59934,4.60773,4.59934,4.60537,2025-01-29,4.62355,4.62731,4.61799,4.6265,4.611445,4.61752,4.608665,4.615935,0.0211300000000003
4.60537,4.60704,4.59372,4.60223,2025-01-30,4.6265,4.6265,4.60595,4.61062,4.615935,4.61677,4.599835000000001,4.606425,0.0083900000000003
4.60223,4.60637,4.58975,4.60214,2025-01-31,4.61062,4.61144,4.60502,4.6074,4.606425,4.608905,4.597385,4.60477,0.0052599999999998
4.60214,4.60214,4.60214,4.60214,2025-02-01,4.6074,4.6074,4.6074,4.6074,4.60477,4.60477,4.60477,4.60477,0.0052599999999998
4.60214,4.60214,4.60214,4.60214,2025-02-02,4.6074,4.6074,4.6074,4.6074,4.60477,4.60477,4.60477,4.60477,0.0052599999999998
4.60214,4.62309,4.60214,4.61422,2025-02-03,4.6074,4.63033,4.6074,4.62164,4.60477,4.62671,4.60477,4.61793,0.0074199999999997
4.61422,4.62736,4.61113,4.6164,2025-02-04,4.62164,4.63066,4.61834,4.6217,4.61793,4.62901,4.614735,4.61905,0.0053
4.6164,4.62085,4.60611,4.61168,2025-02-05,4.6217,4.62341,4.61455,4.61753,4.61905,4.62213,4.61033,4.614605,0.0058500000000005
4.61168,4.62443,4.61168,4.61813,2025-02-06,4.61753,4.63036,4.61753,4.62443,4.614605,4.627395,4.614605,4.6212800000000005,0.0063000000000004
4.61813,4.62429,4.61412,4.61842,2025-02-07,4.62443,4.63325,4.62072,4.62527,4.6212800000000005,4.62877,4.61742,4.621845,0.00685
4.61842,4.61842,4.61842,4.61842,2025-02-08,4.62527,4.62527,4.62527,4.62527,4.621845,4.621845,4.621845,4.621845,0.00685
4.61842,4.61842,4.61842,4.61842,2025-02-09,4.62527,4.62527,4.62527,4.62527,4.621845,4.621845,4.621845,4.621845,0.00685
4.61842,4.63067,4.61842,4.6232,2025-02-10,4.62527,4.63332,4.62525,4.62831,4.621845,4.631995,4.621835000000001,4.625755,0.0051100000000001
4.6232,4.63081,4.62274,4.62467,2025-02-11,4.62831,4.63296,4.62536,4.63161,4.625755,4.6318850000000005,4.62405,4.62814,0.0069400000000001
4.62467,4.63956,4.62467,4.63531,2025-02-12,4.63161,4.64873,4.63161,4.64126,4.62814,4.644145,4.62814,4.638285,0.0059500000000003
4.63531,4.65293,4.63531,4.64857,2025-02-13,4.64126,4.65838,4.64126,4.65528,4.638285,4.655654999999999,4.638285,4.651925,0.0067099999999999
4.64857,4.65403,4.64466,4.65074,2025-02-14,4.65528,4.65967,4.6507,4.65899,4.651925,4.65685,4.647679999999999,4.654865,0.0082500000000003
4.65074,4.65074,4.65074,4.65074,2025-02-15,4.65899,4.65899,4.65899,4.65899,4.654865,4.654865,4.654865,4.654865,0.0082500000000003
4.65074,4.65074,4.65074,4.65074,2025-02-16,4.65899,4.65899,4.65899,4.65899,4.654865,4.654865,4.654865,4.654865,0.0082500000000003
4.65074,4.66163,4.65074,4.65735,2025-02-17,4.65899,4.66542,4.65899,4.6637,4.654865,4.663525,4.654865,4.660525,0.0063500000000003
4.65735,4.67086,4.65735,4.66697,2025-02-18,4.6637,4.67627,4.6637,4.67351,4.660525,4.673565,4.660525,4.67024,0.0065400000000002
4.66697,4.67337,4.66576,4.66708,2025-02-19,4.67351,4.67594,4.67124,4.67304,4.67024,4.674655,4.6685,4.67006,0.0059599999999999
4.66708,4.68233,4.66708,4.67721,2025-02-20,4.67304,4.68946,4.67304,4.68285,4.67006,4.685895,4.67006,4.68003,0.0056400000000005
4.67721,4.70639,4.67721,4.69473,2025-02-21,4.68285,4.71624,4.68285,4.70188,4.68003,4.711315,4.68003,4.698305,0.0071500000000002
4.69473,4.69473,4.69473,4.69473,2025-02-22,4.70188,4.70188,4.70188,4.70188,4.698305,4.698305,4.698305,4.698305,0.0071500000000002
4.69473,4.69473,4.69473,4.69473,2025-02-23,4.70188,4.70188,4.70188,4.70188,4.698305,4.698305,4.698305,4.698305,0.0071500000000002
4.69473,4.69473,4.68368,4.68666,2025-02-24,4.70188,4.70188,4.68991,4.69422,4.698305,4.698305,4.686795,4.69044,0.0075599999999997
4.68666,4.6951,4.68666,4.68976,2025-02-25,4.69422,4.69771,4.69279,4.69638,4.69044,4.696405,4.689724999999999,4.6930700000000005,0.0066200000000007
4.68976,4.69624,4.68832,4.68885,2025-02-26,4.69638,4.69847,4.69216,4.69614,4.6930700000000005,4.697355,4.69024,4.692495,0.0072899999999993
4.68885,4.69954,4.68885,4.69234,2025-02-27,4.69614,4.7073,4.69614,4.69794,4.692495,4.70342,4.692495,4.69514,0.0056000000000002
4.69234,4.70089,4.68776,4.69582,2025-02-28,4.69794,4.70905,4.69794,4.70363,4.69514,4.70497,4.69285,4.699725000000001,0.00781
4.69582,4.69582,4.69582,4.69582,2025-03-01,4.70363,4.70363,4.70363,4.70363,4.699725000000001,4.699725000000001,4.699725000000001,4.699725000000001,0.00781
4.69582,4.69582,4.69582,4.69582,2025-03-02,4.70363,4.70363,4.70363,4.70363,4.699725000000001,4.699725000000001,4.699725000000001,4.699725000000001,0.00781
4.69582,4.69772,4.6712,4.68834,2025-03-03,4.70363,4.70422,4.68937,4.69277,4.699725000000001,4.70097,4.680285,4.690555,0.0044300000000001
4.68834,4.69657,4.68834,4.69076,2025-03-04,4.69277,4.70423,4.69277,4.69806,4.690555,4.7004,4.690555,4.69441,0.0072999999999998
4.69076,4.6941,4.68452,4.68656,2025-03-05,4.69806,4.70323,4.69051,4.69279,4.69441,4.698665,4.687514999999999,4.689674999999999,0.0062299999999995
4.68656,4.70184,4.68656,4.69151,2025-03-06,4.69279,4.71183,4.69279,4.69681,4.689674999999999,4.706835,4.689674999999999,4.69416,0.0053
4.69151,4.69738,4.67349,4.69078,2025-03-07,4.69681,4.71769,4.69165,4.69734,4.69416,4.707535,4.68257,4.69406,0.0065599999999994
4.69078,4.69078,4.69078,4.69078,2025-03-08,4.69734,4.69734,4.69734,4.69734,4.69406,4.69406,4.69406,4.69406,0.0065599999999994
4.69078,4.69078,4.69078,4.69078,2025-03-09,4.69734,4.69734,4.69734,4.69734,4.69406,4.69406,4.69406,4.69406,0.0065599999999994
4.69078,4.70942,4.69078,4.70402,2025-03-10,4.69734,4.71313,4.69734,4.71054,4.69406,4.711275,4.69406,4.70728,0.00652
4.70402,4.71366,4.70341,4.70891,2025-03-11,4.71054,4.71816,4.71054,4.7149,4.70728,4.71591,4.706975,4.711905,0.0059899999999997
4.70891,4.71658,4.70167,4.70958,2025-03-12,4.7149,4.73779,4.71408,4.71667,4.711905,4.727185,4.707875,4.713125,0.0070899999999998
4.70958,4.72294,4.70958,4.71612,2025-03-13,4.71667,4.733,4.71667,4.72316,4.713125,4.72797,4.713125,4.71964,0.0070399999999999
4.71612,4.72364,4.71612,4.71738,2025-03-14,4.72316,4.72905,4.7214,4.72401,4.71964,4.726345,4.71876,4.720695,0.0066299999999994
4.71738,4.71738,4.71738,4.71738,2025-03-15,4.72401,4.72401,4.72401,4.72401,4.720695,4.720695,4.720695,4.720695,0.0066299999999994
4.71738,4.71738,4.71738,4.71738,2025-03-16,4.72401,4.72401,4.72401,4.72401,4.720695,4.720695,4.720695,4.720695,0.0066299999999994
4.71738,4.72524,4.71343,4.71573,2025-03-17,4.72401,4.72855,4.71866,4.72239,4.720695,4.726895000000001,4.716044999999999,4.71906,0.0066600000000001
4.71573,4.72725,4.71573,4.72263,2025-03-18,4.72239,4.73092,4.72125,4.72751,4.71906,4.729085,4.71849,4.72507,0.0048799999999999
4.72263,5.21566,4.72263,4.88111,2025-03-19,4.72751,5.22397,4.72751,4.88764,4.72507,5.219815,4.72507,4.884375,0.0065300000000005
4.88111,4.90926,4.80275,4.88139,2025-03-20,4.88764,4.93371,4.85283,4.88697,4.884375,4.921485,4.82779,4.88418,0.0055800000000001
4.88139,4.91365,4.83151,4.85876,2025-03-21,4.88697,4.96486,4.85016,4.87665,4.88418,4.939254999999999,4.840835,4.867705,0.0178899999999995
4.85876,4.85876,4.85876,4.85876,2025-03-22,4.87665,4.87665,4.87665,4.87665,4.867705,4.867705,4.867705,4.867705,0.0178899999999995
4.85876,4.85876,4.85876,4.85876,2025-03-23,4.87665,4.87665,4.87665,4.87665,4.867705,4.867705,4.867705,4.867705,0.0178899999999995
4.85876,4.89639,4.82679,4.88255,2025-03-24,4.87665,4.91025,4.86623,4.88842,4.867705,4.90332,4.84651,4.885485,0.0058699999999998
4.88255,4.89049,4.87382,4.8864,2025-03-25,4.88842,4.89851,4.88131,4.88944,4.885485,4.8945,4.877565000000001,4.887919999999999,0.0030399999999994
4.8864,4.89374,4.88159,4.88232,2025-03-26,4.88944,4.8991,4.88649,4.88888,4.887919999999999,4.89642,4.884040000000001,4.8856,0.0065600000000003
4.88232,4.90909,4.88232,4.88748,2025-03-27,4.88888,4.93472,4.88726,4.89394,4.8856,4.921905000000001,4.884790000000001,4.89071,0.0064599999999996
4.88748,4.88748,4.84267,4.87369,2025-03-28,4.89394,4.89394,4.87818,4.88663,4.89071,4.89071,4.860425,4.88016,0.0129400000000003
4.87369,4.87369,4.87369,4.87369,2025-03-29,4.88663,4.88663,4.88663,4.88663,4.88016,4.88016,4.88016,4.88016,0.0129400000000003
4.87369,4.87369,4.87369,4.87369,2025-03-30,4.88663,4.88663,4.88663,4.88663,4.88016,4.88016,4.88016,4.88016,0.0129400000000003
4.87369,4.87369,4.8477,4.86597,2025-03-31,4.88663,4.88663,4.8685,4.87621,4.88016,4.88016,4.8581,4.871090000000001,0.0102400000000004
4.86597,4.88241,4.86202,4.87507,2025-04-01,4.87621,4.89265,4.8687,4.8767,4.871090000000001,4.88753,4.86536,4.875885,0.0016299999999995
4.87507,4.88482,4.86422,4.87847,2025-04-02,4.8767,4.91862,4.8767,4.90729,4.875885,4.90172,4.87046,4.89288,0.0288199999999996
4.87847,4.89555,4.86642,4.87035,2025-04-03,4.90729,4.91559,4.88112,4.8852,4.89288,4.90557,4.87377,4.877775,0.01485
4.87035,4.89594,4.85429,4.88457,2025-04-04,4.8852,4.90675,4.8852,4.88896,4.877775,4.901345,4.869745,4.8867650000000005,0.0043899999999998
4.88457,4.88457,4.88457,4.88457,2025-04-05,4.88896,4.88896,4.88896,4.88896,4.8867650000000005,4.8867650000000005,4.8867650000000005,4.8867650000000005,0.0043899999999998
4.88457,4.88457,4.88457,4.88457,2025-04-06,4.88896,4.88896,4.88896,4.88896,4.8867650000000005,4.8867650000000005,4.8867650000000005,4.8867650000000005,0.0043899999999998
4.88457,4.89816,4.86565,4.88983,2025-04-07,4.88896,4.90798,4.88896,4.89172,4.8867650000000005,4.90307,4.877305,4.890775,0.0018900000000003
4.88983,4.89725,4.88008,4.88084,2025-04-08,4.89172,4.90187,4.88196,4.88271,4.890775,4.899559999999999,4.88102,4.881775,0.0018700000000002
4.88084,4.90643,4.88084,4.89122,2025-04-09,4.88271,4.91544,4.88271,4.89571,4.881775,4.910935,4.881775,4.893465,0.0044900000000005
4.89122,4.90251,4.87417,4.88649,2025-04-10,4.89571,4.91329,4.88571,4.88835,4.893465,4.9079,4.87994,4.8874200000000005,0.0018599999999997
4.88649,4.91244,4.88649,4.90236,2025-04-11,4.88835,4.94495,4.88835,4.9042,4.8874200000000005,4.928695,4.8874200000000005,4.9032800000000005,0.0018400000000005
4.90236,4.90236,4.90236,4.90236,2025-04-12,4.9042,4.9042,4.9042,4.9042,4.9032800000000005,4.9032800000000005,4.9032800000000005,4.9032800000000005,0.0018400000000005
4.90236,4.90236,4.90236,4.90236,2025-04-13,4.9042,4.9042,4.9042,4.9042,4.9032800000000005,4.9032800000000005,4.9032800000000005,4.9032800000000005,0.0018400000000005
4.90236,4.91245,4.8946,4.90212,2025-04-14,4.9042,4.93747,4.90001,4.90397,4.9032800000000005,4.92496,4.897304999999999,4.9030450000000005,0.0018500000000001
4.90212,4.91666,4.89949,4.91202,2025-04-15,4.90397,4.92066,4.90397,4.91844,4.9030450000000005,4.91866,4.901730000000001,4.91523,0.0064200000000003
4.91202,4.93779,4.91202,4.92901,2025-04-16,4.91844,4.95101,4.91844,4.94926,4.91523,4.9444,4.91523,4.939135,0.0202499999999998
4.92901,4.95016,4.91129,4.9139,2025-04-17,4.94926,4.97903,4.93705,4.94291,4.939135,4.964595,4.92417,4.928405,0.0290100000000004
4.9139,4.93316,4.88558,4.895,2025-04-18,4.94291,4.95167,4.92903,4.9483,4.928405,4.942415,4.907305,4.92165,0.0533000000000001
4.895,4.895,4.895,4.895,2025-04-19,4.9483,4.9483,4.9483,4.9483,4.92165,4.92165,4.92165,4.92165,0.0533000000000001
4.895,4.895,4.895,4.895,2025-04-20,4.9483,4.9483,4.9483,4.9483,4.92165,4.92165,4.92165,4.92165,0.0533000000000001
4.895,4.93141,4.895,4.92578,2025-04-21,4.9483,4.9483,4.93195,4.93543,4.92165,4.939855,4.913475,4.930605,0.0096500000000006
4.92578,4.92991,4.91448,4.92027,2025-04-22,4.93543,4.93543,4.92934,4.93384,4.930605,4.93267,4.9219100000000005,4.927055,0.0135699999999996
4.92027,4.9401,4.92027,4.93529,2025-04-23,4.93384,4.94465,4.93384,4.94128,4.927055,4.942375,4.927055,4.9382850000000005,0.0059899999999997
4.93529,4.95365,4.93529,4.94905,2025-04-24,4.94128,4.96113,4.94128,4.95541,4.9382850000000005,4.95739,4.9382850000000005,4.95223,0.0063599999999999
4.94905,4.96272,4.94905,4.95723,2025-04-25,4.95541,4.96742,4.95541,4.96458,4.95223,4.96507,4.95223,4.960905,0.0073499999999997
4.95723,4.95723,4.95723,4.95723,2025-04-26,4.96458,4.96458,4.96458,4.96458,4.960905,4.960905,4.960905,4.960905,0.0073499999999997
4.95723,4.95723,4.95723,4.95723,2025-04-27,4.96458,4.96458,4.96458,4.96458,4.960905,4.960905,4.960905,4.960905,0.0073499999999997
4.95723,4.96244,4.9334,4.95537,2025-04-28,4.96458,4.96575,4.95839,4.96189,4.960905,4.964095,4.945895,4.95863,0.00652
4.95537,4.96555,4.95537,4.96352,2025-04-29,4.96189,4.97687,4.96189,4.97006,4.95863,4.97121,4.95863,4.96679,0.0065400000000002
4.96352,4.98128,4.96352,4.97837,2025-04-30,4.97006,4.9947,4.97006,4.99253,4.96679,4.98799,4.96679,4.98545,0.0141600000000003
4.97837,4.97837,4.9633,4.97004,2025-05-01,4.99253,4.99344,4.98299,4.98563,4.98545,4.985905,4.973145000000001,4.977835,0.0155899999999995
4.97004,4.98388,4.96831,4.98071,2025-05-02,4.98563,5.00942,4.98051,4.99408,4.977835,4.996650000000001,4.97441,4.987395,0.0133700000000001
4.98071,4.98071,4.98071,4.98071,2025-05-03,4.99408,4.99408,4.99408,4.99408,4.987395,4.987395,4.987395,4.987395,0.0133700000000001
4.98071,4.98071,4.98071,4.98071,2025-05-04,4.99408,4.99408,4.99408,4.99408,4.987395,4.987395,4.987395,4.987395,0.0133700000000001
4.98071,4.98477,4.96899,4.98014,2025-05-05,4.99408,4.99816,4.97971,4.98381,4.987395,4.991465,4.974349999999999,4.981975,0.0036700000000005
4.98014,4.98735,4.97617,4.98216,2025-05-06,4.98381,4.99048,4.98381,4.98872,4.981975,4.988915,4.97999,4.9854400000000005,0.0065599999999994
4.98216,4.98704,4.97465,4.97995,2025-05-07,4.98872,4.99622,4.98456,4.98964,4.9854400000000005,4.991630000000001,4.979604999999999,4.984795,0.0096899999999999
4.97995,4.98838,4.97764,4.97767,2025-05-08,4.98964,4.99312,4.98374,4.98377,4.984795,4.99075,4.98069,4.98072,0.0060999999999999
4.97767,4.98805,4.97767,4.98688,2025-05-09,4.98377,4.9931,4.98377,4.99213,4.98072,4.990575,4.98072,4.989505,0.0052500000000001
4.98688,4.98688,4.98688,4.98688,2025-05-10,4.99213,4.99213,4.99213,4.99213,4.989505,4.989505,4.989505,4.989505,0.0052500000000001
4.98688,4.98688,4.98688,4.98688,2025-05-11,4.99213,4.99213,4.99213,4.99213,4.989505,4.989505,4.989505,4.989505,0.0052500000000001
4.98688,4.98688,4.97253,4.98093,2025-05-12,4.99213,4.99213,4.97703,4.98783,4.989505,4.989505,4.97478,4.98438,0.0068999999999999
4.98093,4.98409,4.96902,4.97619,2025-05-13,4.98783,4.98783,4.97819,4.98293,4.98438,4.98596,4.973605,4.979559999999999,0.0067399999999997
4.97619,4.97955,4.96378,4.96653,2025-05-14,4.98293,4.98293,4.96883,4.97631,4.979559999999999,4.98124,4.966305,4.97142,0.0097800000000001
4.96653,4.98294,4.96394,4.97998,2025-05-15,4.97631,4.98962,4.9757,4.98704,4.97142,4.986280000000001,4.96982,4.983510000000001,0.00706
4.97998,4.97998,4.9541,4.96031,2025-05-16,4.98704,4.98704,4.96433,4.97387,4.983510000000001,4.983510000000001,4.959215,4.96709,0.01356
4.96031,4.96031,4.96031,4.96031,2025-05-17,4.97387,4.97387,4.97387,4.97387,4.96709,4.96709,4.96709,4.96709,0.01356
4.96031,4.96031,4.96031,4.96031,2025-05-18,4.97387,4.97387,4.97387,4.97387,4.96709,4.96709,4.96709,4.96709,0.01356
4.96031,4.97369,4.96031,4.96835,2025-05-19,4.97387,4.97952,4.969,4.97559,4.96709,4.976605,4.9646550000000005,4.971970000000001,0.0072400000000003
4.96835,4.97112,4.95644,4.96463,2025-05-20,4.97559,4.97664,4.9651,4.97044,4.971970000000001,4.973879999999999,4.96077,4.967535,0.0058100000000003
4.96463,4.97076,4.95738,4.9591,2025-05-21,4.97044,4.976,4.96101,4.96953,4.967535,4.973380000000001,4.959194999999999,4.964315,0.0104299999999994
4.9591,4.99119,4.9591,4.98517,2025-05-22,4.96953,4.99846,4.96953,4.99034,4.964315,4.994825,4.964315,4.987755,0.0051699999999996
4.98517,4.98517,4.9693,4.97606,2025-05-23,4.99034,4.99034,4.97399,4.98073,4.987755,4.987755,4.971645,4.978395000000001,0.0046699999999999
4.97606,4.97606,4.97606,4.97606,2025-05-24,4.98073,4.98073,4.98073,4.98073,4.978395000000001,4.978395000000001,4.978395000000001,4.978395000000001,0.0046699999999999
4.97606,4.97606,4.97606,4.97606,2025-05-25,4.98073,4.98073,4.98073,4.98073,4.978395000000001,4.978395000000001,4.978395000000001,4.978395000000001,0.0046699999999999
4.97606,4.98306,4.95988,4.97375,2025-05-26,4.98073,4.98803,4.97215,4.98334,4.978395000000001,4.985545,4.9660150000000005,4.978545,0.0095900000000002
4.97375,4.9888,4.96227,4.98067,2025-05-27,4.98334,4.9932,4.97209,4.98693,4.978545,4.991,4.96718,4.9838000000000005,0.0062600000000001
4.98067,4.99032,4.98067,4.98836,2025-05-28,4.98693,4.99513,4.98655,4.99416,4.9838000000000005,4.992725,4.9836100000000005,4.9912600000000005,0.0057999999999998
4.98836,5.00504,4.98836,4.99822,2025-05-29,4.99416,5.01163,4.99416,5.0055,4.9912600000000005,5.008335000000001,4.9912600000000005,5.00186,0.0072799999999997
4.99822,5.01396,4.97903,5.00761,2025-05-30,5.0055,5.05245,5.0055,5.01431,5.00186,5.033205000000001,4.992265,5.01096,0.0067000000000003
5.00761,5.00761,5.00761,5.00761,2025-05-31,5.01431,5.01431,5.01431,5.01431,5.01096,5.01096,5.01096,5.01096,0.0067000000000003
5.00761,5.00761,5.00761,5.00761,2025-06-01,5.01431,5.01431,5.01431,5.01431,5.01096,5.01096,5.01096,5.01096,0.0067000000000003
5.00761,5.0094,4.9956,4.9974,2025-06-02,5.01431,5.01586,4.9994,5.00374,5.01096,5.01263,4.9975,5.00057,0.0063399999999997
4.9974,5.00123,4.9809,4.9886,2025-06-03,5.00374,5.0055,4.99116,4.99465,5.00057,5.003365,4.98603,4.991625,0.0060500000000001
4.9886,5.01385,4.9886,5.00335,2025-06-04,4.99465,5.03079,4.99465,5.02671,4.991625,5.02232,4.991625,5.015029999999999,0.0233599999999993
5.00335,5.00579,4.99079,4.99338,2025-06-05,5.02671,5.02671,5.0045,5.00904,5.015029999999999,5.016249999999999,4.997645,5.00121,0.0156599999999995
4.99338,4.99814,4.9765,4.9844,2025-06-06,5.00904,5.01008,4.99646,4.99884,5.00121,5.004110000000001,4.98648,4.99162,0.0144400000000004
4.9844,4.9844,4.9844,4.9844,2025-06-07,4.99884,4.99884,4.99884,4.99884,4.99162,4.99162,4.99162,4.99162,0.0144400000000004
4.9844,4.9844,4.9844,4.9844,2025-06-08,4.99884,4.99884,4.99884,4.99884,4.99162,4.99162,4.99162,4.99162,0.0144400000000004
4.9844,5.00407,4.9844,5.00113,2025-06-09,4.99884,5.00881,4.99884,5.00705,4.99162,5.00644,4.99162,5.00409,0.0059199999999997
5.00113,5.00954,4.99069,4.99658,2025-06-10,5.00705,5.01423,4.99922,5.00295,5.00409,5.011885,4.994955,4.999765,0.0063700000000004
4.99658,4.99831,4.96815,4.99202,2025-06-11,5.00295,5.01291,4.9881,4.99804,4.999765,5.00561,4.978125,4.99503,0.0060199999999994
4.99202,5.02747,4.99202,5.02334,2025-06-12,4.99804,5.03517,4.99804,5.03046,4.99503,5.03132,4.99503,5.0269,0.0071199999999995
5.02334,5.03031,5.00557,5.02429,2025-06-13,5.03046,5.0348,5.01746,5.02914,5.0269,5.032555,5.011514999999999,5.026714999999999,0.0048500000000002
5.02429,5.02429,5.02429,5.02429,2025-06-14,5.02914,5.02914,5.02914,5.02914,5.026714999999999,5.026714999999999,5.026714999999999,5.026714999999999,0.0048500000000002
5.02429,5.02429,5.02429,5.02429,2025-06-15,5.02914,5.02914,5.02914,5.02914,5.026714999999999,5.026714999999999,5.026714999999999,5.026714999999999,0.0048500000000002
5.02429,5.02715,5.01136,5.01629,2025-06-16,5.02914,5.03351,5.01821,5.02272,5.026714999999999,5.030329999999999,5.014785,5.019505,0.0064299999999999
5.01629,5.0385,5.01629,5.03553,2025-06-17,5.02272,5.04457,5.02272,5.04138,5.019505,5.041535,5.019505,5.038455,0.0058500000000005
5.03553,5.03675,5.02533,5.03069,2025-06-18,5.04138,5.0427,5.03445,5.03764,5.038455,5.039725,5.02989,5.034165,0.0069499999999997
5.03069,5.0549,5.03069,5.05069,2025-06-19,5.03764,5.06203,5.03764,5.05631,5.034165,5.058465,5.034165,5.0535,0.0056199999999995
5.05069,5.05994,5.05069,5.05673,2025-06-20,5.05631,5.06387,5.05631,5.06175,5.0535,5.061904999999999,5.0535,5.05924,0.00502
5.05673,5.05673,5.05673,5.05673,2025-06-21,5.06175,5.06175,5.06175,5.06175,5.05924,5.05924,5.05924,5.05924,0.00502
5.05673,5.05673,5.05673,5.05673,2025-06-22,5.06175,5.06175,5.06175,5.06175,5.05924,5.05924,5.05924,5.05924,0.00502
5.05673,5.06809,5.04979,5.05027,2025-06-23,5.06175,5.07323,5.05473,5.05651,5.05924,5.07066,5.05226,5.05339,0.00624
5.05027,5.05647,5.04401,5.04493,2025-06-24,5.05651,5.06644,5.05002,5.05046,5.05339,5.0614550000000005,5.047015,5.047695,0.0055300000000002
5.04493,5.06831,5.04493,5.06441,2025-06-25,5.05046,5.07164,5.05046,5.07164,5.047695,5.069975,5.047695,5.068025,0.0072300000000007
5.06441,5.08165,5.06441,5.07768,2025-06-26,5.07164,5.0941,5.07164,5.08387,5.068025,5.087875,5.068025,5.080775,0.0061900000000001
5.07768,5.0923,5.07768,5.09106,2025-06-27,5.08387,5.10378,5.08387,5.10308,5.080775,5.09804,5.080775,5.09707,0.0120200000000005
5.09106,5.09106,5.09106,5.09106,2025-06-28,5.10308,5.10308,5.10308,5.10308,5.09707,5.09707,5.09707,5.09707,0.0120200000000005
5.09106,5.09106,5.09106,5.09106,2025-06-29,5.10308,5.10308,5.10308,5.10308,5.09707,5.09707,5.09707,5.09707,0.0120200000000005
5.09106,5.09106,5.06778,5.07541,2025-06-30,5.10308,5.10308,5.07579,5.08659,5.09707,5.09707,5.071785,5.081,0.0111800000000004
5.07541,5.08169,5.07238,5.07393,2025-07-01,5.08659,5.08688,5.07846,5.08031,5.081,5.084285,5.075419999999999,5.07712,0.00638
5.07393,5.0908,5.07393,5.07971,2025-07-02,5.08031,5.09426,5.08031,5.0902,5.07712,5.09253,5.07712,5.084955000000001,0.0104899999999998
5.07971,5.08388,5.06916,5.06965,2025-07-03,5.0902,5.0902,5.07226,5.07629,5.084955000000001,5.08704,5.07071,5.07297,0.0066399999999999
5.06965,5.08324,5.06965,5.07874,2025-07-04,5.07629,5.09803,5.07629,5.09059,5.07297,5.090635,5.07297,5.084664999999999,0.0118499999999999
5.07874,5.07874,5.07874,5.07874,2025-07-05,5.09059,5.09059,5.09059,5.09059,5.084664999999999,5.084664999999999,5.084664999999999,5.084664999999999,0.0118499999999999
5.07874,5.07874,5.07874,5.07874,2025-07-06,5.09059,5.09059,5.09059,5.09059,5.084664999999999,5.084664999999999,5.084664999999999,5.084664999999999,0.0118499999999999
5.07874,5.10071,5.07874,5.09627,2025-07-07,5.09059,5.10338,5.09059,5.10098,5.084664999999999,5.102045,5.084664999999999,5.098625,0.0047100000000002
5.09627,5.10334,5.09627,5.10164,2025-07-08,5.10098,5.10683,5.10098,5.10541,5.098625,5.105085000000001,5.098625,5.103524999999999,0.0037700000000002
5.10164,5.10652,5.06692,5.06692,2025-07-09,5.10541,5.11542,5.10151,5.11542,5.103524999999999,5.11097,5.084215,5.09117,0.0485000000000006
5.06692,5.118,5.06692,5.11572,2025-07-10,5.11542,5.12344,5.11542,5.1223,5.09117,5.12072,5.09117,5.119009999999999,0.0065800000000004
5.11572,5.12819,5.11572,5.12524,2025-07-11,5.1223,5.13231,5.1223,5.13166,5.119009999999999,5.13025,5.119009999999999,5.12845,0.0064200000000003
5.12524,5.12524,5.12524,5.12524,2025-07-12,5.13166,5.13166,5.13166,5.13166,5.12845,5.12845,5.12845,5.12845,0.0064200000000003
5.12524,5.12524,5.12524,5.12524,2025-07-13,5.13166,5.13166,5.13166,5.13166,5.12845,5.12845,5.12845,5.12845,0.0064200000000003
5.12524,5.12524,5.09975,5.11284,2025-07-14,5.13166,5.13166,5.11842,5.12165,5.12845,5.12845,5.109085,5.1172450000000005,0.0088099999999995
5.11284,5.12849,5.11195,5.12478,2025-07-15,5.12165,5.13393,5.12165,5.13129,5.1172450000000005,5.13121,5.1168,5.128035000000001,0.0065099999999995
5.12478,5.13272,5.11374,5.12946,2025-07-16,5.13129,5.14249,5.13009,5.13523,5.128035000000001,5.137605,5.121915,5.132345,0.00577
5.12946,5.14932,5.12946,5.14378,2025-07-17,5.13523,5.15347,5.13523,5.14923,5.132345,5.151395000000001,5.132345,5.146504999999999,0.0054500000000006
5.14378,5.1535,5.13703,5.14755,2025-07-18,5.14923,5.1591,5.14923,5.15502,5.146504999999999,5.1563,5.14313,5.151285,0.0074700000000005
5.14755,5.14755,5.14755,5.14755,2025-07-19,5.15502,5.15502,5.15502,5.15502,5.151285,5.151285,5.151285,5.151285,0.0074700000000005
5.14755,5.14755,5.14755,5.14755,2025-07-20,5.15502,5.15502,5.15502,5.15502,5.151285,5.151285,5.151285,5.151285,0.0074700000000005
5.14755,5.15054,5.13683,5.14574,2025-07-21,5.15502,5.15502,5.14854,5.152,5.151285,5.15278,5.142685,5.1488700000000005,0.0062600000000001
5.14574,5.15356,5.14574,5.15033,2025-07-22,5.152,5.15706,5.152,5.157,5.1488700000000005,5.15531,5.1488700000000005,5.153665,0.0066699999999997
5.15033,5.15792,5.15033,5.15479,2025-07-23,5.157,5.16109,5.157,5.15969,5.153665,5.159504999999999,5.153665,5.15724,0.0049000000000001
5.15479,5.17055,5.15479,5.16575,2025-07-24,5.15969,5.1795,5.15969,5.1719,5.15724,5.175025,5.15724,5.168825,0.0061499999999998
5.16575,5.17545,5.16575,5.17074,2025-07-25,5.1719,5.1806,5.17115,5.17693,5.168825,5.178025,5.16845,5.173835,0.0061899999999992
5.17074,5.17074,5.17074,5.17074,2025-07-26,5.17693,5.17693,5.17693,5.17693,5.173835,5.173835,5.173835,5.173835,0.0061899999999992
5.17074,5.17074,5.17074,5.17074,2025-07-27,5.17693,5.17693,5.17693,5.17693,5.173835,5.173835,5.173835,5.173835,0.0061899999999992
5.17074,5.17163,5.16642,5.17003,2025-07-28,5.17693,5.17693,5.16993,5.17368,5.173835,5.17428,5.168175,5.171855,0.0036500000000003
5.17003,5.17304,5.16762,5.16957,2025-07-29,5.17368,5.17751,5.17281,5.1745,5.171855,5.175275,5.170215000000001,5.172035,0.0049299999999998
5.16957,5.17436,5.16907,5.17236,2025-07-30,5.1745,5.18073,5.17344,5.17776,5.172035,5.177545,5.171255,5.17506,0.0053999999999998
5.17236,5.18474,5.17236,5.18245,2025-07-31,5.17776,5.19352,5.17776,5.18742,5.17506,5.1891300000000005,5.17506,5.184935,0.0049700000000001
5.18245,5.18506,5.14926,5.17921,2025-08-01,5.18742,5.19114,5.18007,5.1869,5.184935,5.1881,5.164664999999999,5.183055,0.0076899999999993
5.17921,5.17921,5.17921,5.17921,2025-08-02,5.1869,5.1869,5.1869,5.1869,5.183055,5.183055,5.183055,5.183055,0.0076899999999993
5.17921,5.17921,5.17921,5.17921,2025-08-03,5.1869,5.1869,5.1869,5.1869,5.183055,5.183055,5.183055,5.183055,0.0076899999999993
5.17921,5.18564,5.17517,5.17652,2025-08-04,5.1869,5.18912,5.18247,5.18307,5.183055,5.18738,5.17882,5.179795,0.0065499999999998
5.17652,5.18691,5.17652,5.18145,2025-08-05,5.18307,5.19404,5.18307,5.18765,5.179795,5.190475,5.179795,5.18455,0.0061999999999997
5.18145,5.18652,5.17729,5.17729,2025-08-06,5.18765,5.19105,5.18255,5.18256,5.18455,5.188784999999999,5.17992,5.179925,0.0052699999999994
5.17729,5.19573,5.17729,5.18219,2025-08-07,5.18256,5.19938,5.18256,5.18879,5.179925,5.197555,5.179925,5.18549,0.0065999999999997
5.18219,5.18931,5.17383,5.18353,2025-08-08,5.18879,5.19423,5.18323,5.19009,5.18549,5.19177,5.17853,5.18681,0.0065599999999994
5.18353,5.18353,5.18353,5.18353,2025-08-09,5.19009,5.19009,5.19009,5.19009,5.18681,5.18681,5.18681,5.18681,0.0065599999999994
5.18353,5.18353,5.18353,5.18353,2025-08-10,5.19009,5.19009,5.19009,5.19009,5.18681,5.18681,5.18681,5.18681,0.0065599999999994
5.18353,5.19375,5.18021,5.18675,2025-08-11,5.19009,5.19962,5.18877,5.1939,5.18681,5.196685,5.18449,5.190325,0.0071500000000002
5.18675,5.19549,5.17769,5.19041,2025-08-12,5.1939,5.2012,5.18855,5.19416,5.190325,5.198345,5.183120000000001,5.192285,0.0037500000000001
5.19041,5.19941,5.19041,5.19362,2025-08-13,5.19416,5.2046,5.19381,5.19888,5.192285,5.202005,5.19211,5.19625,0.0052599999999998
5.19362,5.21971,5.19362,5.21584,2025-08-14,5.19888,5.22726,5.19888,5.22065,5.19625,5.223485,5.19625,5.218245,0.0048099999999999
5.21584,5.23621,5.21584,5.22014,2025-08-15,5.22065,5.2396,5.22065,5.23329,5.218245,5.237905,5.218245,5.226715,0.0131500000000004
5.22014,5.22014,5.22014,5.22014,2025-08-16,5.23329,5.23329,5.23329,5.23329,5.226715,5.226715,5.226715,5.226715,0.0131500000000004
5.22014,5.22014,5.22014,5.22014,2025-08-17,5.23329,5.23329,5.23329,5.23329,5.226715,5.226715,5.226715,5.226715,0.0131500000000004
5.22014,5.23459,5.22014,5.22798,2025-08-18,5.23329,5.23789,5.23092,5.23551,5.226715,5.23624,5.22553,5.231745,0.00753
5.22798,5.25025,5.22798,5.24382,2025-08-19,5.23551,5.2541,5.23551,5.25153,5.231745,5.252175,5.231745,5.247675,0.0077099999999994
5.24382,5.24581,5.23741,5.23999,2025-08-20,5.25153,5.25153,5.2407,5.24472,5.247675,5.24867,5.2390550000000005,5.242355,0.0047300000000003
5.23999,5.25303,5.23999,5.24754,2025-08-21,5.24472,5.25982,5.24472,5.25393,5.242355,5.256425,5.242355,5.250735000000001,0.0063900000000005
5.24754,5.25314,5.23249,5.23966,2025-08-22,5.25393,5.26086,5.2377,5.24741,5.250735000000001,5.257,5.235095,5.243535,0.0077500000000005
5.23966,5.23966,5.23966,5.23966,2025-08-23,5.24741,5.24741,5.24741,5.24741,5.243535,5.243535,5.243535,5.243535,0.0077500000000005
5.23966,5.23966,5.23966,5.23966,2025-08-24,5.24741,5.24741,5.24741,5.24741,5.243535,5.243535,5.243535,5.243535,0.0077500000000005
5.23966,5.25402,5.23507,5.24862,2025-08-25,5.24741,5.25869,5.24741,5.25479,5.243535,5.256354999999999,5.24124,5.251704999999999,0.00617
5.24862,5.26839,5.24862,5.26531,2025-08-26,5.25479,5.2738,5.25479,5.27369,5.251704999999999,5.271095,5.251704999999999,5.269500000000001,0.0083799999999998
5.26531,5.28058,5.26531,5.27143,2025-08-27,5.27369,5.28429,5.27369,5.27977,5.269500000000001,5.282435,5.269500000000001,5.2756,0.0083400000000004
5.27143,5.28311,5.27143,5.27561,2025-08-28,5.27977,5.28827,5.27977,5.28214,5.2756,5.28569,5.2756,5.278875,0.0065299999999997
5.27561,5.28072,5.27242,5.27242,2025-08-29,5.28214,5.28756,5.27835,5.28247,5.278875,5.28414,5.275385,5.277445,0.0100499999999996
5.27242,5.27242,5.27242,5.27242,2025-08-30,5.28247,5.28247,5.28247,5.28247,5.277445,5.277445,5.277445,5.277445,0.0100499999999996
5.27242,5.27242,5.27242,5.27242,2025-08-31,5.28247,5.28247,5.28247,5.28247,5.277445,5.277445,5.277445,5.277445,0.0100499999999996
5.27242,5.28284,5.27242,5.27467,2025-09-01,5.28247,5.28678,5.27758,5.2806,5.277445,5.28481,5.275,5.277635,0.0059299999999993
5.27467,5.27792,5.27101,5.27101,2025-09-02,5.2806,5.2853,5.27578,5.27712,5.277635,5.281610000000001,5.273395000000001,5.274065,0.0061099999999996
5.27101,5.28225,5.27101,5.27737,2025-09-03,5.27712,5.28952,5.27712,5.28498,5.274065,5.285885,5.274065,5.281175,0.0076099999999996
5.27737,5.29368,5.27737,5.28631,2025-09-04,5.28498,5.30641,5.28498,5.29307,5.281175,5.300045,5.281175,5.28969,0.0067599999999998
5.28631,5.29521,5.28414,5.29057,2025-09-05,5.29307,5.29895,5.2918,5.29705,5.28969,5.297079999999999,5.28797,5.29381,0.0064799999999998
5.29057,5.29057,5.29057,5.29057,2025-09-06,5.29705,5.29705,5.29705,5.29705,5.29381,5.29381,5.29381,5.29381,0.0064799999999998
5.29057,5.29057,5.29057,5.29057,2025-09-07,5.29705,5.29705,5.29705,5.29705,5.29381,5.29381,5.29381,5.29381,0.0064799999999998
5.29057,5.30041,5.29057,5.29452,2025-09-08,5.29705,5.3026,5.29705,5.30183,5.29381,5.301505000000001,5.29381,5.2981750000000005,0.0073099999999994
5.29452,5.30484,5.29452,5.30067,2025-09-09,5.30183,5.31012,5.30183,5.30583,5.2981750000000005,5.30748,5.2981750000000005,5.30325,0.00516
5.30067,5.3057,5.29623,5.29791,2025-09-10,5.30583,5.31479,5.302,5.30686,5.30325,5.310245,5.2991150000000005,5.302385,0.0089500000000004
5.29791,5.31541,5.29791,5.30985,2025-09-11,5.30686,5.33192,5.30686,5.31619,5.302385,5.323665,5.302385,5.31302,0.0063399999999997
5.30985,5.3218,5.30985,5.31934,2025-09-12,5.31619,5.32809,5.31619,5.32672,5.31302,5.324945,5.31302,5.32303,0.0073799999999994
5.31934,5.31934,5.31934,5.31934,2025-09-13,5.32672,5.32672,5.32672,5.32672,5.32303,5.32303,5.32303,5.32303,0.0073799999999994
5.31934,5.31934,5.31934,5.31934,2025-09-14,5.32672,5.32672,5.32672,5.32672,5.32303,5.32303,5.32303,5.32303,0.0073799999999994
5.31934,5.32625,5.30605,5.30791,2025-09-15,5.32672,5.3292,5.31197,5.31502,5.32303,5.327725,5.30901,5.311465,0.0071099999999999
5.30791,5.31573,5.30484,5.30558,2025-09-16,5.31502,5.31848,5.30837,5.312,5.311465,5.317105,5.306605,5.30879,0.0064200000000003
5.30558,5.31561,5.30288,5.30778,2025-09-17,5.312,5.3259,5.312,5.31534,5.30879,5.320755,5.30744,5.31156,0.0075599999999997
5.30778,5.329,5.30778,5.3195,2025-09-18,5.31534,5.33313,5.31534,5.32571,5.31156,5.331065,5.31156,5.322604999999999,0.0062100000000002
5.3195,5.32804,5.3195,5.32459,2025-09-19,5.32571,5.33211,5.32452,5.33039,5.322604999999999,5.330075,5.32201,5.32749,0.0058000000000006
5.32459,5.32459,5.32459,5.32459,2025-09-20,5.33039,5.33039,5.33039,5.33039,5.32749,5.32749,5.32749,5.32749,0.0058000000000006
5.32459,5.32459,5.32459,5.32459,2025-09-21,5.33039,5.33039,5.33039,5.33039,5.32749,5.32749,5.32749,5.32749,0.0058000000000006
5.32459,5.33181,5.32394,5.32423,2025-09-22,5.33039,5.33621,5.32853,5.3317,5.32749,5.33401,5.3262350000000005,5.327965,0.0074699999999996
5.32423,5.33463,5.32423,5.32571,2025-09-23,5.3317,5.33931,5.32924,5.33348,5.327965,5.33697,5.326735,5.329594999999999,0.0077699999999998
5.32571,5.33551,5.32571,5.32981,2025-09-24,5.33348,5.33809,5.3329,5.33603,5.329594999999999,5.3368,5.329305,5.33292,0.0062199999999998
5.32981,5.34477,5.32981,5.33654,2025-09-25,5.33603,5.3519,5.33603,5.34459,5.33292,5.348335,5.33292,5.340565,0.0080499999999998
5.33654,5.34681,5.33654,5.34518,2025-09-26,5.34459,5.35173,5.34459,5.35062,5.340565,5.34927,5.340565,5.3479,0.0054400000000001
5.34518,5.34518,5.34518,5.34518,2025-09-27,5.35062,5.35062,5.35062,5.35062,5.3479,5.3479,5.3479,5.3479,0.0054400000000001
5.34518,5.34518,5.34518,5.34518,2025-09-28,5.35062,5.35062,5.35062,5.35062,5.3479,5.3479,5.3479,5.3479,0.0054400000000001
5.34518,5.34972,5.34213,5.34344,2025-09-29,5.35062,5.35783,5.35062,5.35548,5.3479,5.353775,5.346375,5.3494600000000005,0.0120399999999998
5.34344,5.35069,5.34344,5.34552,2025-09-30,5.35548,5.36096,5.35548,5.35697,5.3494600000000005,5.355825,5.3494600000000005,5.351245,0.0114499999999999
5.34552,5.34883,5.3417,5.34471,2025-10-01,5.35697,5.35697,5.34794,5.352,5.351245,5.3529,5.34482,5.348355,0.0072900000000002
5.34471,5.35926,5.32408,5.35517,2025-10-02,5.352,5.36206,5.352,5.36073,5.348355,5.360659999999999,5.33804,5.357950000000001,0.00556
5.35517,5.36326,5.35517,5.36055,2025-10-03,5.36073,5.37473,5.36073,5.37137,5.357950000000001,5.368995,5.357950000000001,5.365959999999999,0.0108199999999998
5.36055,5.36055,5.36055,5.36055,2025-10-04,5.37137,5.37137,5.37137,5.37137,5.365959999999999,5.365959999999999,5.365959999999999,5.365959999999999,0.0108199999999998
5.36055,5.36055,5.36055,5.36055,2025-10-05,5.37137,5.37137,5.37137,5.37137,5.365959999999999,5.365959999999999,5.365959999999999,5.365959999999999,0.0108199999999998
5.36055,5.36354,5.35893,5.36019,2025-10-06,5.37137,5.37289,5.36861,5.37091,5.365959999999999,5.368215,5.363770000000001,5.365550000000001,0.01072
5.36019,5.36244,5.35764,5.35834,2025-10-07,5.37091,5.37091,5.36226,5.36472,5.365550000000001,5.366675000000001,5.35995,5.36153,0.00638
5.35834,5.36472,5.35793,5.35989,2025-10-08,5.36472,5.36763,5.36316,5.36539,5.36153,5.366175,5.360545,5.36264,0.0054999999999996
5.35989,5.37894,5.35989,5.37496,2025-10-09,5.36539,5.38485,5.36539,5.38174,5.36264,5.381895,5.36264,5.378349999999999,0.00678
5.37496,5.37535,5.37049,5.37139,2025-10-10,5.38174,5.38174,5.37444,5.38024,5.378349999999999,5.378545,5.372465,5.375814999999999,0.0088499999999998
5.37139,5.37139,5.37139,5.37139,2025-10-11,5.38024,5.38024,5.38024,5.38024,5.375814999999999,5.375814999999999,5.375814999999999,5.375814999999999,0.0088499999999998
5.37139,5.37139,5.37139,5.37139,2025-10-12,5.38024,5.38024,5.38024,5.38024,5.375814999999999,5.375814999999999,5.375814999999999,5.375814999999999,0.0088499999999998
5.37139,5.3803,5.36886,5.3738,2025-10-13,5.38024,5.38352,5.37784,5.3802,5.375814999999999,5.38191,5.37335,5.377000000000001,0.0064000000000001
5.3738,5.38484,5.3738,5.38143,2025-10-14,5.3802,5.38757,5.3802,5.38641,5.377000000000001,5.386205,5.377000000000001,5.38392,0.0049799999999997
5.38143,5.38691,5.38041,5.38191,2025-10-15,5.38641,5.39059,5.38434,5.38846,5.38392,5.38875,5.382375,5.385185,0.0065499999999998
5.38191,5.39866,5.38191,5.39541,2025-10-16,5.38846,5.40269,5.38846,5.40101,5.385185,5.400675,5.385185,5.398210000000001,0.0056000000000002
5.39541,5.40568,5.3938,5.39963,2025-10-17,5.40101,5.41138,5.40101,5.40724,5.398210000000001,5.408530000000001,5.397405,5.403435,0.0076099999999996
5.39963,5.39963,5.39963,5.39963,2025-10-18,5.40724,5.40724,5.40724,5.40724,5.403435,5.403435,5.403435,5.403435,0.0076099999999996
5.39963,5.39963,5.39963,5.39963,2025-10-19,5.40724,5.40724,5.40724,5.40724,5.403435,5.403435,5.403435,5.403435,0.0076099999999996
5.39963,5.40552,5.39571,5.39683,2025-10-20,5.40724,5.41056,5.40402,5.40702,5.403435,5.40804,5.399865,5.401925,0.0101900000000005
5.39683,5.40725,5.38973,5.40161,2025-10-21,5.40702,5.41074,5.40356,5.40786,5.401925,5.408995,5.396645,5.4047350000000005,0.0062500000000005
5.40161,5.40655,5.40089,5.40091,2025-10-22,5.40786,5.4128,5.40631,5.4078,5.4047350000000005,5.409675,5.403600000000001,5.404355,0.0068900000000002
5.40091,5.41528,5.39846,5.41089,2025-10-23,5.4078,5.42238,5.4078,5.41963,5.404355,5.41883,5.40313,5.41526,0.0087399999999995
5.41089,5.41648,5.39761,5.39887,2025-10-24,5.41963,5.42279,5.4025,5.40584,5.41526,5.419635,5.400055,5.402355,0.0069700000000008
5.39887,5.39887,5.39887,5.39887,2025-10-25,5.40584,5.40584,5.40584,5.40584,5.402355,5.402355,5.402355,5.402355,0.0069700000000008
5.39887,5.39887,5.39887,5.39887,2025-10-26,5.40584,5.40584,5.40584,5.40584,5.402355,5.402355,5.402355,5.402355,0.0069700000000008
5.39887,5.41176,5.36714,5.40461,2025-10-27,5.40584,5.41772,5.38705,5.41135,5.402355,5.41474,5.377095000000001,5.40798,0.0067399999999997
5.40461,5.40461,5.3944,5.39973,2025-10-28,5.41135,5.41135,5.39962,5.40898,5.40798,5.40798,5.39701,5.404355,0.0092499999999997
5.39973,5.40395,5.38533,5.38607,2025-10-29,5.40898,5.4174,5.40185,5.41697,5.404355,5.410675,5.39359,5.40152,0.0308999999999999
5.38607,5.41711,5.38607,5.4111,2025-10-30,5.41697,5.42204,5.41304,5.41788,5.40152,5.419575,5.399554999999999,5.414490000000001,0.00678
5.4111,5.41891,5.41089,5.4127,2025-10-31,5.41788,5.42242,5.41515,5.41837,5.414490000000001,5.420665,5.41302,5.415535,0.0056700000000002
5.4127,5.4127,5.4127,5.4127,2025-11-01,5.41837,5.41837,5.41837,5.41837,5.415535,5.415535,5.415535,5.415535,0.0056700000000002
5.4127,5.4127,5.4127,5.4127,2025-11-02,5.41837,5.41837,5.41837,5.41837,5.415535,5.415535,5.415535,5.415535,0.0056700000000002
5.4127,5.4163,5.40609,5.41146,2025-11-03,5.41837,5.42106,5.41316,5.41706,5.415535,5.41868,5.409625,5.4142600000000005,0.0056000000000002
5.41146,5.4187,5.41146,5.41465,2025-11-04,5.41706,5.42252,5.41706,5.42095,5.4142600000000005,5.42061,5.4142600000000005,5.4178,0.0063000000000004
5.41465,5.42136,5.41216,5.41545,2025-11-05,5.42095,5.42773,5.41827,5.42062,5.4178,5.424545,5.415215,5.418035,0.0051700000000005
5.41545,5.43009,5.41545,5.42307,2025-11-06,5.42062,5.43551,5.42062,5.4306,5.418035,5.4328,5.418035,5.4268350000000005,0.00753
5.42307,5.4348,5.42307,5.43277,2025-11-07,5.4306,5.44034,5.4306,5.43991,5.4268350000000005,5.43757,5.4268350000000005,5.43634,0.0071400000000005
5.43277,5.43277,5.43277,5.43277,2025-11-08,5.43991,5.43991,5.43991,5.43991,5.43634,5.43634,5.43634,5.43634,0.0071400000000005
5.43277,5.43277,5.43277,5.43277,2025-11-09,5.43991,5.43991,5.43991,5.43991,5.43634,5.43634,5.43634,5.43634,0.0071400000000005
5.43277,5.43277,5.42981,5.43045,2025-11-10,5.43991,5.43991,5.43196,5.43534,5.43634,5.43634,5.430885,5.432895,0.0048899999999996
5.43045,5.43756,5.43045,5.43319,2025-11-11,5.43534,5.44076,5.43534,5.43987,5.432895,5.43916,5.432895,5.436529999999999,0.0066800000000002
5.43319,5.43982,5.43319,5.43502,2025-11-12,5.43987,5.44273,5.43987,5.44137,5.436529999999999,5.441275,5.436529999999999,5.438195,0.0063500000000003
5.43502,5.44995,5.43502,5.44622,2025-11-13,5.44137,5.45357,5.44137,5.45078,5.438195,5.45176,5.438195,5.4485,0.0045599999999996
5.44622,5.4508,5.44435,5.44574,2025-11-14,5.45078,5.45469,5.45003,5.45225,5.4485,5.452745,5.44719,5.448995,0.0065100000000004
5.44574,5.44574,5.44574,5.44574,2025-11-15,5.45225,5.45225,5.45225,5.45225,5.448995,5.448995,5.448995,5.448995,0.0065100000000004
5.44574,5.44574,5.44574,5.44574,2025-11-16,5.45225,5.45225,5.45225,5.45225,5.448995,5.448995,5.448995,5.448995,0.0065100000000004
5.44574,5.45053,5.44196,5.44198,2025-11-17,5.45225,5.45405,5.44803,5.44868,5.448995,5.45229,5.4449950000000005,5.44533,0.0067000000000003
5.44198,5.44506,5.43835,5.44001,2025-11-18,5.44868,5.44868,5.44338,5.44567,5.44533,5.4468700000000005,5.4408650000000005,5.44284,0.0056599999999997
5.44001,5.44339,5.42267,5.43792,2025-11-19,5.44567,5.44726,5.43963,5.44321,5.44284,5.445325,5.431150000000001,5.440564999999999,0.0052899999999995
5.43792,5.45655,5.43792,5.45039,2025-11-20,5.44321,5.46968,5.44321,5.45812,5.440564999999999,5.463115,5.440564999999999,5.454255,0.0077300000000004
5.45039,5.45642,5.44906,5.45309,2025-11-21,5.45812,5.46162,5.45571,5.46048,5.454255,5.45902,5.452385,5.456785,0.0073899999999991
5.45309,5.45309,5.45309,5.45309,2025-11-22,5.46048,5.46048,5.46048,5.46048,5.456785,5.456785,5.456785,5.456785,0.0073899999999991
5.45309,5.45309,5.45309,5.45309,2025-11-23,5.46048,5.46048,5.46048,5.46048,5.456785,5.456785,5.456785,5.456785,0.0073899999999991
5.45309,5.45817,5.44954,5.45154,2025-11-24,5.46048,5.46245,5.45543,5.45943,5.456785,5.46031,5.452484999999999,5.455485,0.0078900000000006
5.45154,5.46843,5.45154,5.46027,2025-11-25,5.45943,5.47209,5.45943,5.46688,5.455485,5.47026,5.455485,5.4635750000000005,0.0066099999999993
5.46027,5.46104,5.45099,5.45253,2025-11-26,5.46688,5.46688,5.45697,5.45985,5.4635750000000005,5.46396,5.45398,5.45619,0.0073199999999999
5.45253,5.46982,5.45253,5.46323,2025-11-27,5.45985,5.47378,5.45985,5.47081,5.45619,5.4718,5.45619,5.46702,0.0075799999999999
5.46323,5.46483,5.4574,5.45923,2025-11-28,5.47081,5.4727,5.46246,5.46756,5.46702,5.468764999999999,5.45993,5.463395,0.0083299999999999
5.45923,5.45923,5.45923,5.45923,2025-11-29,5.46756,5.46756,5.46756,5.46756,5.463395,5.463395,5.463395,5.463395,0.0083299999999999
5.45923,5.45923,5.45923,5.45923,2025-11-30,5.46756,5.46756,5.46756,5.46756,5.463395,5.463395,5.463395,5.463395,0.0083299999999999
5.45923,5.463,5.44299,5.44988,2025-12-01,5.46756,5.46756,5.4533,5.45563,5.463395,5.46528,5.448145,5.452755,0.0057499999999999
5.44988,5.45748,5.44877,5.45208,2025-12-02,5.45563,5.46048,5.45248,5.45803,5.452755,5.45898,5.4506250000000005,5.455055,0.0059500000000003
5.45208,5.45979,5.45051,5.45255,2025-12-03,5.45803,5.4648,5.45681,5.45909,5.455055,5.462295,5.45366,5.455819999999999,0.0065400000000002
5.45255,5.46747,5.45255,5.45996,2025-12-04,5.45909,5.47978,5.45909,5.4725,5.455819999999999,5.473625,5.455819999999999,5.46623,0.0125400000000004
5.45996,5.4671,5.45914,5.46474,2025-12-05,5.4725,5.4725,5.46497,5.47223,5.46623,5.4698,5.462054999999999,5.468484999999999,0.0074899999999997
5.46474,5.46474,5.46474,5.46474,2025-12-06,5.47223,5.47223,5.47223,5.47223,5.468484999999999,5.468484999999999,5.468484999999999,5.468484999999999,0.0074899999999997
5.46474,5.46474,5.46474,5.46474,2025-12-07,5.47223,5.47223,5.47223,5.47223,5.468484999999999,5.468484999999999,5.468484999999999,5.468484999999999,0.0074899999999997
5.46474,5.47592,5.46474,5.47268,2025-12-08,5.47223,5.47944,5.47196,5.47899,5.468484999999999,5.47768,5.46835,5.475835,0.0063099999999991
5.47268,5.47719,5.47163,5.47278,2025-12-09,5.47899,5.4852,5.47668,5.47941,5.475835,5.481195,5.474155,5.476095,0.0066299999999994
5.47278,5.47928,5.46934,5.4761,2025-12-10,5.47941,5.48466,5.47654,5.48209,5.476095,5.4819700000000005,5.47294,5.479095,0.0059900000000006
5.4761,5.48909,5.4761,5.48306,2025-12-11,5.48209,5.49535,5.48209,5.48956,5.479095,5.49222,5.479095,5.48631,0.0064999999999999
5.48306,5.48864,5.48306,5.48611,2025-12-12,5.48956,5.49438,5.48874,5.49412,5.48631,5.49151,5.4859,5.490114999999999,0.0080099999999996
5.48611,5.48611,5.48611,5.48611,2025-12-13,5.49412,5.49412,5.49412,5.49412,5.490114999999999,5.490114999999999,5.490114999999999,5.490114999999999,0.0080099999999996
5.48611,5.48611,5.48611,5.48611,2025-12-14,5.49412,5.49412,5.49412,5.49412,5.490114999999999,5.490114999999999,5.490114999999999,5.490114999999999,0.0080099999999996
5.48611,5.49123,5.48611,5.48775,2025-12-15,5.49412,5.4946,5.49066,5.49425,5.490114999999999,5.492915,5.488385,5.491,0.0064999999999999
5.48775,5.49542,5.48208,5.48841,2025-12-16,5.49425,5.50242,5.49267,5.49509,5.491,5.49892,5.487375,5.49175,0.0066800000000002
