datetime,open,high,low,close,volume
2021-01-13,90.90000,103,90.010002,96.36500,25159000
2021-01-14,103.5,137.98000,101,114.94000,20858700
2021-01-15,123.054001,127.24000,107,117,8310700
2021-01-19,117,117.67500,108,110.99000,3304900
2021-01-20,110,112,103.25,106.21000,5091400
2021-01-21,107.16000,109.90000,104.30000,108.97000,1735300
2021-01-22,107.19000,121,107.19000,119.95000,4343500
2021-01-25,117.11000,123.44900,108,112.70000,2660000
2021-01-26,113.84000,114,109.51000,110.080002,1287400
2021-01-27,105.74000,108.90000,100.80000,105.29000,2259300
2021-01-28,105,106.29000,97.20500,99.42000,2097400
2021-01-29,100,104.58400,97.60000,99.59000,1836300
2021-02-01,100,107.65000,99.62400,107.61000,1266000
2021-02-02,110,118.80000,110,113,1875600
2021-02-03,115.95100,115.99000,109.099998,110.95000,1451700
2021-02-04,110.059998,110.5,106.38000,108.77000,1692700
2021-02-05,108.83000,109.41300,101.25,103.45000,2932300
2021-02-08,109.46000,123.5,109,122.76000,3417400
2021-02-09,121.49000,144.89999,117.040001,131,4056800
2021-02-10,141.95000,146.89999,129,136.23000,2353000
2021-02-11,140,140.5,131.16000,139.99001,2285600
2021-02-12,129.64000,131.67000,123.010002,125.89000,4903500
2021-02-16,129.30000,129.30000,115,119.15000,5642300
2021-02-17,116.63000,117.5,110.80000,112.53000,2786700
2021-02-18,109.64000,109.95000,104.61000,105.55000,3589200
2021-02-19,110.29000,110.75,105,105.99000,2973900
2021-02-22,105.010002,105.72000,102,104.83000,2955600
2021-02-23,99.26000,102.35000,91.099998,102.010002,4105200
2021-02-24,99.28000,103.75,98.70500,102.49000,1894100
2021-02-25,99.93000,101,90,94.19500,5472000
2021-02-26,92.18000,97.82000,91.029999,93.059998,2596700
2021-03-01,95.5,96.35000,90.81000,91.44000,2913300
2021-03-02,92.70000,98.19000,91,91.80000,3733500
2021-03-03,91.65000,92.38000,83.93000,86.31000,6083900
2021-03-04,85,85.45000,77.099998,84.46000,5611100
2021-03-05,82.82500,83.040001,70.050003,81.14000,5385300
2021-03-08,80.084000,80.25,72.95000,74.31000,3771900
2021-03-09,77.25,81.18000,75.78000,79.66000,3712800
2021-03-10,82.70500,85.19000,78.30000,80.76000,2130900
2021-03-11,82.36000,83.5,80.25,81.25,2228900
2021-03-12,78,80.074997,76.010002,79.57000,2276800
2021-03-15,80,82.78000,79,81.35000,1885200
2021-03-16,82.22000,84.20000,79.5,80.80000,1609300
2021-03-17,78.99000,81.34000,76.77000,81.089996,1424700
2021-03-18,79.87000,80.47000,73.099998,74.39000,4230700
2021-03-19,74.15900,78.51000,71.51000,77.37000,3185200
2021-03-22,77.81000,83.46000,77.81000,81.99000,2158000
2021-03-23,81.22000,81.75,78.20000,78.87000,963800
2021-03-24,79.48000,79.80000,72.52000,72.63000,1555000
2021-03-25,70.62000,71.30000,67.72000,69.56000,2244400
2021-03-26,70,72.37000,67.019997,69.72000,1474100
2021-03-29,69.72000,73.92000,68.67000,69.99000,1984400
2021-03-30,69.68700,69.74100,65.77000,66.39000,2254700
2021-03-31,67.71400,71.20000,65.65000,70.72000,2296000
2021-04-01,73,74.97000,70.37000,71.45000,1661000
2021-04-05,71.74000,72.40800,68.40000,69.39000,1154800
2021-04-06,70.37000,73.5,69.70000,73,1909100
2021-04-07,72.73100,72.73100,69.75,71.5,1264500
2021-04-08,72.77000,72.90000,68.97000,69.81000,1091200
2021-04-09,69.43000,71.20000,68.38000,70.71000,1070800
2021-04-12,71.43000,71.47000,66.73000,67.93000,1890900
2021-04-13,67.99000,70.18000,65.31000,70.11000,2493400
2021-04-14,70.18000,72.20000,68.63000,68.73000,1540600
2021-04-15,70.35000,70.59000,67.48000,68.67000,1222600
2021-04-16,70,70.14000,67.18000,69.72000,1315300
2021-04-19,68.5,69.56000,65.16000,66.019997,1948300
2021-04-20,65.41000,67.19000,63.023998,65,1855200
2021-04-21,64.47000,67.64000,63.79000,67.55000,1160400
2021-04-22,67.73000,70.37000,67.099998,68.62000,1309800
2021-04-23,68.65000,74.60000,68.65000,74.12000,2585200
2021-04-26,74.5,78.76000,73.70000,77.97000,2272900
2021-04-27,78.19000,78.35000,74.72000,76.37000,959100
2021-04-28,75.31000,77.70800,75.31000,77.21000,1145100
2021-04-29,78.89000,79.30000,72.80000,74.019997,1886800
2021-04-30,72.63000,74.29500,70.23000,70.5,1764900
2021-05-03,71.70000,71.75,66.31000,66.78000,1534000
2021-05-04,65.77000,66,60.13000,62.17000,4054400
2021-05-05,62.86000,63.70000,55.85000,57.60000,4970400
2021-05-06,57.82000,57.91000,52.48000,54.44000,3879500
2021-05-07,57.040001,58.70200,53.78000,54,3332300
2021-05-10,52.65000,57.67000,52.13000,57,5777300
2021-05-11,49.88000,55.90000,46.5,55.45000,7339300
2021-05-12,54.44400,54.55000,48.63000,49.82000,5248200
2021-05-13,50.020000,50.75,47.12000,48.37000,4046000
2021-05-14,49.38000,54.61000,49.060001,54,3886600
2021-05-17,52.57000,52.81000,50.0099983,50.60000,3853900
2021-05-18,50.86000,53.27000,50.23000,51.64000,2006600
2021-05-19,48.69000,50.98000,48.67000,50.45000,2545100
2021-05-20,51.16000,56.79000,51.11000,54.89000,4790100
2021-05-21,55,56.76000,53.32000,53.36000,3175600
2021-05-24,52.90000,53.34000,50.88000,53.15000,6965000
2021-05-25,53.30000,54.19000,52.63000,54.040001,3716600
2021-05-26,54.32000,57.56000,52.61000,57,4039500
2021-05-27,56.29000,57.29000,55.029999,57.29000,2565600
2021-05-28,58,61.060001,57.85000,60.81000,3308800
2021-06-01,63.25,64.27000,60.87800,62.52000,4301900
2021-06-02,62.67000,65.60000,62.070000,65.24000,2879600
2021-06-03,64.010002,65.76000,62.34000,63.24000,2408600
2021-06-04,64.010002,64.40000,59.52000,59.65000,3444600
2021-06-07,60.34000,61.15000,58.34000,59.46000,1842100
2021-06-08,59.79000,63.89000,59.58500,62.49000,2726300
2021-06-09,64.25,64.63000,60.21000,60.26000,2160300
2021-06-10,60.62000,64.019997,60.23000,63.68000,2900900
2021-06-11,65.29000,68.89000,63.91000,67.98000,4780800
2021-06-14,68.26000,70.68000,67.60000,68.94000,3741200
2021-06-15,68.82000,69.37000,66.28000,67.26000,2718000
2021-06-16,67.14000,69.40000,65.65000,67.41000,4014600
2021-06-17,66.80000,70.81000,66.49500,69.39000,3023000
2021-06-18,69.29000,69.90000,67.53500,68.18000,3625000
2021-06-21,68,68.17000,63.68000,63.80000,4401000
2021-06-22,63.30000,63.99000,60.65000,63.45000,3929100
2021-06-23,63.5,65.83000,63.32000,65.16000,1617600
2021-06-24,66.64000,68.33000,65.65000,66.33000,1820100
2021-06-25,66.88000,67.43000,63.82000,64.40000,1812000
2021-06-28,64.51000,65.34000,63.38000,64.43000,1729700
2021-06-29,64.43000,68.64000,63.74000,66.46000,2036000
2021-06-30,66.19000,69.63000,65.30000,67.35000,2586200
2021-07-01,67,68.98000,65.88000,68.37000,2235200
2021-07-02,68.82000,69.79000,67.31000,68.87000,1085100
2021-07-06,68.57000,69.62000,66.66400,67.99000,1629900
2021-07-07,68.63000,68.70000,63.26200,64.29000,1961400
2021-07-08,61.31000,64.16000,60.59000,63.99000,2537600
2021-07-09,64.41000,67.45000,63.90000,67.25,2032600
2021-07-12,66.67000,67.71200,64.57000,65,2604500
2021-07-13,64.84000,66.80000,55.59000,58.21000,9661700
2021-07-14,59.72500,60.80000,55.67000,56.76000,6840400
2021-07-15,57.44000,58.73000,55.58000,57.45000,3483100
2021-07-16,57.72000,58.084999,56.040001,57.5,1962700
2021-07-19,54.68000,56.77000,54.060001,55.86000,2925800
2021-07-20,56.31000,58.42000,55.58000,57.41000,2311500
2021-07-21,58,62.090000,57.80400,60.63000,2487300
2021-07-22,60.38000,60.53500,58.51000,59,1790500
2021-07-23,59.099998,59.22000,57.40000,58.69000,1415500
2021-07-26,58.29000,61.22000,58.19000,59.42000,1577400
2021-07-27,58.54000,59.64000,56.40000,59.5,1616200
2021-07-28,60.31000,61.98000,60.16000,61.18000,1923300
2021-07-29,61.5,62.77000,60.80000,60.86000,1599300
2021-07-30,61,61.40000,56.020000,56.32000,1917000
2021-08-02,57.88000,66.87800,56.66000,64.71000,9233300
2021-08-03,64.44000,69.93000,58.68000,66.67000,10602700
2021-08-04,67.019997,70.20100,66.12000,68.22000,5513600
2021-08-05,67.43000,71.5,64.76000,67.16000,4518700
2021-08-06,67.16000,68.099998,64.28000,67.17000,1886500
2021-08-09,68,68.33600,65.86000,65.88000,1536800
2021-08-10,66.39000,66.49900,65.010002,65.56000,1244200
2021-08-11,66.36000,68.71000,65.5,68.62000,2259900
2021-08-12,68.75,68.78000,66.75,67.54000,1128700
2021-08-13,67.68000,68.45700,64.77000,65.95000,1679800
2021-08-16,65.22000,65.23000,61.66200,63.59000,1589100
2021-08-17,62.13500,65.80000,62.11000,63.5,2209400
2021-08-18,63.80000,65.83000,62.0099983,64.68000,1941100
2021-08-19,62.97000,64.80000,62.80000,63.46000,1418200
2021-08-20,63.29000,64.87000,63.15000,64.76000,1118700
2021-08-23,65.37000,68,65.28500,67.71000,1934100
2021-08-24,68,70.69800,67.32000,68.53000,2206500
2021-08-25,69.66000,73.60000,68.38000,72.71000,3459800
2021-08-26,72.71000,74.19000,69.42000,69.98000,2346200
2021-08-27,66.89000,69.41000,66.099998,67.90000,7831100
2021-08-30,96.24000,101,91.28000,99.59000,44400900
2021-08-31,95.24000,96.55000,90.28000,96.34000,15838900
2021-09-01,94.39000,98.67000,93.28000,96.48000,6364300
2021-09-02,97.11000,99.32000,95.24000,98.99000,6501000
2021-09-03,98.94000,100,92.55000,93.050003,6093600
2021-09-07,94.035004,95.60000,91.5,91.51000,3557500
2021-09-08,92.11000,94.040001,87.13000,87.54000,5001400
2021-09-09,88,92.29000,86.76000,92.059998,10966700
2021-09-10,111.099998,126.46000,105.60000,123.70000,54061700
2021-09-13,110.21000,114.75,102.30000,109.30000,44888000
2021-09-14,109.055000,114.74000,105,108.059998,22207800
2021-09-15,108.040001,112.76000,107.059998,109.75,14468700
2021-09-16,109.40000,119.75,109.15000,117.58000,17468900
2021-09-17,116.94000,121.25,114.27000,116.28000,15284100
2021-09-20,109.029999,112.81000,104.60000,107.70000,12850200
2021-09-21,109.099998,111.14000,104,108.11000,9189300
2021-09-22,108.5,115.41000,106.61000,114.070000,11312900
2021-09-23,113.90000,129.080002,112.39000,126.89000,21028000
2021-09-24,130.25999,133.17000,123.28000,123.73000,20497700
2021-09-27,123.38000,131.22000,122.28000,128.37000,13047400
2021-09-28,126.22500,127.88000,113.25,114.52000,14847300
2021-09-29,119.96000,121.27000,110.64000,112.77000,16639200
2021-09-30,114.44000,120.86000,112.74000,119.13000,13469100
2021-10-01,118.25,119.85000,113.40000,117.85000,9141700
2021-10-04,115.85000,117,106.80000,107.93000,10877500
2021-10-05,109.15000,114.64000,109.067001,111.46000,7799200
2021-10-06,109.77800,138.88000,109.20000,133.70000,53039500
2021-10-07,131.17999,140.89999,129.17999,133.89999,29141300
2021-10-08,132.33000,144.81000,131.60001,141.19000,33649400
2021-10-11,141.89999,145.99001,133.62000,135.029999,31053300
2021-10-12,136.21001,142.95000,132.12000,140.67000,24356800
2021-10-13,141.42400,150.17000,141.080002,146.13000,25985900
2021-10-14,151.10001,153.49001,144.31000,148.47000,24117900
2021-10-15,148.66000,153.20000,145.53999,146.73000,16099500
2021-10-18,146.73000,159.67000,146.61000,157.25,23542500
2021-10-19,157.51700,160.69000,153.30000,155.35001,12814500
2021-10-20,156.28999,158.28999,146.14999,147.64000,10450900
2021-10-21,150.66000,156.16000,149.87000,155.34000,9504600
2021-10-22,154.17000,159.82001,150.75,155.21001,9905900
2021-10-25,157.27000,165.94000,156.80000,160.039993,11444500
2021-10-26,161.55600,162,147.84000,151.86000,10437500
2021-10-27,155.85001,161.92000,150.30000,151.14000,9066400
2021-10-28,155.45100,162.82001,153.25999,161.89000,7325300
2021-10-29,160,165.80000,157.51100,162.5,6404300
2021-11-01,163,163.28200,150.78000,152.66000,11575400
2021-11-02,152.75,156.20000,148.64000,155.89000,5483700
2021-11-03,156.92000,162.5,156.020004,161.080002,7472000
2021-11-04,160.77000,168.74001,159.34000,168.52000,7957900
2021-11-05,163.89999,166.050003,159.64999,164.23000,6641600
2021-11-08,165.67000,176.64999,161.5,163.37000,8253600
2021-11-09,160,161.19000,154.62000,157.78999,8368900
2021-11-10,146.92999,149,132.16000,133.53000,22572100
2021-11-11,165.25,166.50999,147.5,151.83000,34591700
2021-11-12,148.14000,149.67000,142.25,148.99001,17047500
2021-11-15,150.62000,150.67999,144.50999,147.99001,6722600
2021-11-16,146.80000,153.75,142.12000,151.28999,9302600
2021-11-17,151.67300,159.39999,149.89999,151.72000,7793700
2021-11-18,146.38000,149.17000,138.98000,139.13000,14067200
2021-11-19,137.89000,139.13000,133.45000,136.16000,10607700
2021-11-22,136,136.070007,118.85800,123.51000,14393400
2021-11-23,120.76000,129.63000,120.050003,127.61000,11418500
2021-11-24,126.79000,133.83000,124.78000,132.75,6564900
2021-11-26,130.80000,137.39000,130.5,136.98000,5113200
2021-11-29,140.0050049,140.49001,129.080002,132.14999,7712600
2021-11-30,133.56000,135.49001,124.35000,126.68000,11220000
2021-12-01,127.83000,132.16000,114.69000,116.57000,9183600
2021-12-02,113.58000,119.99000,111.28000,113.75,9494100
2021-12-03,114.87000,114.87000,103.84000,107.24000,12534600
2021-12-06,103.010002,114.96000,96.44000,110.95000,9476900
2021-12-07,116.55500,124.11000,116.25,122.73000,8968600
2021-12-08,122.55500,128.86000,117.82000,127.97000,7868400
2021-12-09,126.49000,127.89000,115.85000,119.13000,8171100
2021-12-10,119.13000,122,112.23000,114.68000,6351600
2021-12-13,113.98000,116.89000,107.67000,109.96000,9736400
2021-12-14,104.55900,108.85000,101.35000,105.77000,11541600
2021-12-15,103,113.19000,101.67000,110.98000,11070500
2021-12-16,113,113.32000,92.059998,99.24000,19807300
2021-12-17,95.69000,102.39000,92.33500,98.77000,16414200
2021-12-20,94.59500,99.61000,93.51000,97.37000,7297800
2021-12-21,98.84000,104.13000,95.62000,103.63000,7591700
2021-12-22,100.94300,105.40000,99.16000,101.070000,4369700
2021-12-23,100.81000,102.070000,96.33000,101.16000,4519800
2021-12-27,102.26000,108.20000,102.26000,105.73000,8118100
2021-12-28,104.82000,107,99.92400,101.77000,5343600
2021-12-29,101.24000,102.099998,96.52000,98.28000,5499600
2021-12-30,98.42000,107.57000,97.56200,103.87000,6357800
2021-12-31,102.90000,105.74000,100.5,100.56000,3728900
2022-01-03,102,102.21000,94.75,95.21000,8442700
2022-01-04,94.68800,95.51500,80.089996,85.41000,21958300
2022-01-05,82.97000,85.68000,78.91000,79.53000,10118700
2022-01-06,78.89000,83.68000,74.36000,81.099998,10471300
2022-01-07,79.42000,83.39100,77.56400,79.62000,6723600
2022-01-10,76.75,78.75,71.70300,78.24000,10784400
2022-01-11,77.43000,83.60000,76.70000,81.029999,9699800
2022-01-12,83.029999,84.68000,78.64000,78.79000,6972100
2022-01-13,79.22000,79.68700,71.88000,72.13000,9484100
2022-01-14,71.30200,75.44000,68.39000,69.19000,8823600
2022-01-18,67.60000,69.60000,63.77000,64.18000,9907100
2022-01-19,65.099998,67.089996,63.30000,64.30000,9083100
2022-01-20,65.27000,69.28000,59.21000,62.80000,22821400
2022-01-21,62.80000,64.14600,57.36000,57.63000,13101300
2022-01-24,55.50500,58.89000,48.62000,58.25,22026300
2022-01-25,55.23000,58.40000,52.70000,54.52000,11543900
2022-01-26,57.44600,61.75,54.62000,55.73000,15526900
2022-01-27,57.40000,57.83000,48.16900,51.0099983,17812100
2022-01-28,53.48000,59.90000,50.78000,59.71000,27590000
2022-01-31,59.89000,67.59000,58.75,64.070000,23037100
2022-02-01,64.18000,67.87000,62.52000,67.48000,15394600
2022-02-02,64.26000,65.41000,59.27000,60.89000,13944900
2022-02-03,56.99000,60.99000,56.5,57.49000,9102400
2022-02-04,58.47000,64.56000,56.64000,62.75,14572100
2022-02-07,63.0099983,68.84000,62,63.020000,13527000
2022-02-08,62,65.98000,61.63000,65.25,10059300
2022-02-09,67.42000,75.059998,66.91000,74.68000,17479300
2022-02-10,75.24000,83.57000,50,58.68000,86940400
2022-02-11,53.060001,54.49000,45.58100,46.55000,63024000
2022-02-14,44.93000,47.68000,43.24000,43.70000,26759600
2022-02-15,45,45.20000,42.12000,44.80000,27207400
2022-02-16,44.13000,44.5,41.86000,42.92000,15363900
2022-02-17,42.15000,43,37.51000,37.67000,21442100
2022-02-18,37.42500,38.39000,35.90000,37.33000,14165500
2022-02-22,36.31000,38.5,36.049999,36.41000,12277500
2022-02-23,36.72000,37.15000,35,35,10933000
2022-02-24,32.70000,38.94000,32.29000,38.71000,18017300
2022-02-25,38.020000,40.20000,37.15000,39.19000,9912600
2022-02-28,39.060001,43.40000,38.64000,41.84000,18664000
2022-03-01,41.60000,43.49000,40.25,42.36000,10326200
2022-03-02,42.91000,43,39.44000,41.80000,8284600
2022-03-03,42.26500,42.58000,38.81000,39.099998,7885300
2022-03-04,38.80000,40.099998,35.23500,35.82000,7702900
2022-03-07,36.13000,37.78000,32.95000,33.56000,8160300
2022-03-08,33.61000,36.22000,31.78000,34.28000,8646500
2022-03-09,35.14000,37.24000,34.64900,36.80000,7208900
2022-03-10,36.18000,37.33000,34.48000,36.55000,5854400
2022-03-11,37,37.060001,30.78000,30.86000,14113800
2022-03-14,29.82000,29.85000,26.020000,26.22000,22636100
2022-03-15,26.73000,28.40000,26.059999,28.33000,11438600
2022-03-16,29.14000,33.37000,28.81000,33.34000,18707700
2022-03-17,32.80000,36.99000,32.68900,36.75,15254700
2022-03-18,36.65000,41.13000,36.38000,40.71000,20081900
2022-03-21,39.54000,44.30000,39.51000,41.96000,16397900
2022-03-22,40.13500,43.65000,39.80000,43.5,11574000
2022-03-23,42.73400,47.23000,42.47000,44.11000,14206000
2022-03-24,44.27000,46.36000,42.60000,44.80000,11202100
2022-03-25,44.64000,44.76000,40.32000,42.16000,12513900
2022-03-28,42.49000,44.25,40.92100,43.25,5959500
2022-03-29,44.36000,48.96900,44.099998,48.15000,14644800
2022-03-30,47.70000,51.49000,46,46.75,20804700
2022-03-31,46.87000,48.85000,45.41000,46.28000,12295200
2022-04-01,46.61000,47.33000,44.33000,46.61000,10532400
2022-04-04,47.23000,48.46000,46.12000,47.70000,7452000
2022-04-05,47.66000,48.95000,43.17000,43.84000,9357600
2022-04-06,42.59000,42.59000,38.98000,40.87000,14218200
2022-04-07,40.93000,41.69000,37.035000,38.70000,9989800
2022-04-08,38.33000,39.5,37.30000,37.58000,5944500
2022-04-11,36.40000,39.52000,35.68000,37.70000,11789700
2022-04-12,39.20600,40.31000,36.99000,37.48000,9102600
2022-04-13,37.020000,38.82000,36.60000,38.40000,5279100
2022-04-14,38.29000,38.34000,35.049999,35.19000,5968100
2022-04-18,35.27000,36.30000,34.28000,35.21000,8352200
2022-04-19,35,37.46000,34.71000,37.029999,6336900
2022-04-20,36.75,36.79000,34.60000,34.76000,5511800
2022-04-21,35.57500,36.5,32.13000,32.90000,6706900
2022-04-22,33.060001,33.80000,30.34500,31.16000,8930800
2022-04-25,31.5,32.99000,31.14000,32.47000,8258600
2022-04-26,32.25,32.43900,29.67000,30.18000,5946100
2022-04-27,30.25,31.36000,28.22000,29.36000,7161500
2022-04-28,30.5,31.72000,28.42000,31.21000,7581300
2022-04-29,30.98000,32.72000,28.58500,28.70000,7276800
2022-05-02,28.74000,30.43100,27.85000,30.36000,6470000
2022-05-03,30.15000,31.78000,29.63000,30.10000,4831400
2022-05-04,30.049999,31.95000,27.96000,31.76000,8150800
2022-05-05,30.45000,30.73000,26.51000,27.020000,9309200
2022-05-06,26.81000,26.81000,23.42000,24.95000,10476300
2022-05-09,24.44000,24.53000,20.40000,20.59000,14192700
2022-05-10,18.82000,20.64500,16.55500,18.19000,27811800
2022-05-11,17.35000,17.66000,14.49000,14.63000,22370100
2022-05-12,14.14000,19.37000,13.64000,18.040001,52004500
2022-05-13,24.83000,25.32000,21.21000,23.71000,85159400
2022-05-16,23.65000,25.52000,22.20000,22.95000,32557300
2022-05-17,23.74000,25.33000,22.82000,25.24000,23092900
2022-05-18,24.53000,27.5,23.78000,24.45000,28757100
2022-05-19,24.19000,27.059999,23.38000,25.71000,21057200
2022-05-20,26.070000,26.18000,22.78200,24.82000,15130400
2022-05-23,24.78000,25.55000,23.52000,24.52000,13139500
2022-05-24,23.75,23.90000,19.96000,20.76000,18930800
2022-05-25,20.77000,23.080000,20.43100,23.020000,13812700
2022-05-26,22.83000,28.47000,22.52300,28.020000,30425600
2022-05-27,28.14000,30.87000,28.14000,30.35000,26710000
2022-05-31,30.68000,31.080000,27.73000,28.5,19969900
2022-06-01,28.74000,28.77000,23.76000,24.32000,27491100
2022-06-02,23.94000,26.68000,23.80100,26.42000,18259800
2022-06-03,25.18000,26.18000,24.46000,25.10000,11418100
2022-06-06,25.67000,26.29000,23.40000,23.72000,20033400
2022-06-07,22.85000,24.64000,21.83000,24.35000,17459700
2022-06-08,23.25,24.92000,22.72000,23.33000,15577600
2022-06-09,22.82000,23.23000,20.75,21.18000,12166500
2022-06-10,20.52000,21.14000,19.42000,20.44000,16386000
2022-06-13,19.40000,19.67000,17.36500,17.92000,14748800
2022-06-14,18.32000,18.48000,17.18000,17.70000,13057900
2022-06-15,17.71000,19.19000,17.44000,18.60000,14292300
2022-06-16,17.5,17.89000,16.40000,16.72000,12592200
2022-06-17,16.99000,18.46000,16.53000,18.30000,12894700
2022-06-21,18.77000,21.010000,18.64000,19.21000,15521900
2022-06-22,18.65000,20.077000,18.58500,19.27000,10535300
2022-06-23,19.5,21.78000,19.080000,21.66000,16556500
2022-06-24,22.010000,23.85000,21.34000,23.28000,28243500
2022-06-27,23.83000,24.19000,21.88100,22.70000,12977600
2022-06-28,22.25,22.99000,20.30500,20.54000,13150400
2022-06-29,19.90000,19.95000,18.62200,19.020000,13324000
2022-06-30,18.63000,18.84000,17.44200,18.059999,11392500
2022-07-01,18.36000,19.040001,16.77000,17.19000,19013300
2022-07-05,16.95000,19.84000,16.24000,19.83000,16600700
2022-07-06,19.61000,20.66000,19.45000,20.17000,14955500
2022-07-07,20.26000,23.66000,20.26000,23.61000,19685200
2022-07-08,22.10000,23.62000,21.45000,23.34000,19782200
2022-07-11,22.90000,23.29000,21.049999,21.37000,11487600
2022-07-12,21.68000,22.86000,21.010000,22.20000,14400700
2022-07-13,20.77000,21.29000,20.049999,20.79000,16234900
2022-07-14,20.61000,22.84000,20.18000,21.82000,20137000
2022-07-15,22.49000,23.080000,21.15000,23.059999,14497300
2022-07-18,23.72000,25.47000,23.63000,23.84000,18688800
2022-07-19,24.48000,26.080000,23.52000,26.030001,13178200
2022-07-20,26.41400,29.74900,26.030001,29.67000,23299200
2022-07-21,29.059999,30.73000,28.58000,29.75,16379200
2022-07-22,29.40500,30.30000,26.11000,26.77000,15974100
2022-07-25,26.51000,27,25.52400,26.17000,7735300
2022-07-26,24.95000,24.95000,22.92500,23.10000,12608900
2022-07-27,24.23000,26.53000,23.29000,26.040001,17866700
2022-07-28,25.87000,26.65000,24.18000,25.83000,12246900
2022-07-29,26.42000,27.63000,25.84000,26.84000,12763100
2022-08-01,26.34000,28.20000,25.57000,27.17000,10383400
2022-08-02,26.46000,28.81000,26.39000,28.15000,11874100
2022-08-03,29.030001,31.92000,29.030001,31.89000,17970600
2022-08-04,32.055000,33.38000,31.41000,32.55000,13184300
2022-08-05,30.60200,33.72500,30.14000,33.40000,15187200
2022-08-08,33.35000,37,33.29000,34.90000,14959600
2022-08-09,33.42000,34.39000,31.85500,32.58000,10750800
2022-08-10,35.90000,37.95000,35.19000,36.78000,15009900
2022-08-11,38.45000,39.40000,36.070000,36.97000,15935600
2022-08-12,37.74000,39.42000,36.64000,39.19000,10939200
2022-08-15,38.58000,40.77000,38.39000,38.42000,10247400
2022-08-16,38.43500,40.97000,37.28000,39.91000,12624900
2022-08-17,38.54500,38.73000,36.28000,37.39000,11934800
2022-08-18,37.26000,37.26000,35.28000,35.75,9823300
2022-08-19,34.028999,34.028999,30.33000,30.92000,16673200
2022-08-22,29.60000,31.78000,28.88000,29.49000,12755000
2022-08-23,29.68000,30.48000,28.91000,29.32000,10186600
2022-08-24,29.93000,30.80500,29.090000,30.23000,8143100
2022-08-25,30.83000,31.42000,29.70000,31.23000,18539900
2022-08-26,27.43500,28.80000,24.049999,24.57000,39517200
2022-08-29,23.73000,24.97000,23.46000,23.99000,13466300
2022-08-30,24.33000,24.99000,22.79000,23.54000,12017200
2022-08-31,24.48500,25.14000,23.42000,23.43000,11030300
2022-09-01,23.25,23.30000,21.96000,23.16000,10014200
2022-09-02,23.45000,23.73000,22.12000,22.45000,10258300
2022-09-06,22.30000,22.99000,21.34000,22.30000,9480300
2022-09-07,22.24000,23.46000,21.90000,23.059999,8075800
2022-09-08,22.49000,23.77000,22.25,23.70000,8698100
2022-09-09,24.10000,26.42500,24,26.25,12587100
2022-09-12,26.58000,27.26000,25.86000,26.79000,9458600
2022-09-13,24.51400,25.24000,24.030001,24.19000,10929400
2022-09-14,24.10000,24.37000,23.10500,24.33000,8043500
2022-09-15,22.71000,25.12000,22.64000,23.99000,17424500
2022-09-16,23.49000,23.72000,22.15000,22.30000,13959500
2022-09-19,22.21000,22.88000,21.63000,22.70000,8225000
2022-09-20,22.35000,23.23000,21.93000,22.14000,9127200
2022-09-21,22.17000,23.10000,21.32000,21.33000,11401100
2022-09-22,21.61000,21.64000,19.75300,20,11635500
2022-09-23,19.83400,20.14000,18.75,19.28000,12479400
2022-09-26,19.32000,20.50500,18.85000,19.040001,9896500
2022-09-27,19.62000,20.63000,19.16000,19.39000,10700100
2022-09-28,19.60000,20.98500,19.30000,20.66000,9943300
2022-09-29,20.17000,20.19000,18.49500,19.059999,12750100
2022-09-30,18.90000,19.75,18.63000,18.76000,7754000
2022-10-03,18.80000,19.34900,18.36000,19.010000,9326000
2022-10-04,19.87000,21.90000,19.85000,21.61000,15080500
2022-10-05,20.65000,21.14500,20.014999,20.92000,8577200
2022-10-06,20.82000,21.48000,20.27000,20.95000,8137300
2022-10-07,19.95500,20.13000,18.43000,18.90000,11565300
2022-10-10,19.16000,19.19900,17.94000,18.59000,7217300
2022-10-11,18.56000,19.98000,17.57000,19.35000,12519800
2022-10-12,19.45000,20.080000,19.13000,19.81000,9071200
2022-10-13,18.22000,19.48000,17.28000,18.76000,13756400
2022-10-14,19.375,19.70000,17.26000,17.27000,11571300
2022-10-17,18.13000,19.18000,18.080000,18.43000,11738500
2022-10-18,19.64600,20.080000,18.54000,19.53000,12631700
2022-10-19,19.14000,19.18000,17.62000,17.91000,11712200
2022-10-20,17.94000,19.15000,17.59000,18.030001,10098500
2022-10-21,17.79000,18.35000,17.12000,18.30000,11480000
2022-10-24,18.15000,18.17000,16.74000,18.049999,12450400
2022-10-25,18.18000,20.82000,18.18000,20.62000,15168700
2022-10-26,20.14000,21.93100,19.92000,20.56000,11064800
2022-10-27,20.96000,21.96000,20.22500,20.62000,9667000
2022-10-28,19.97000,20.57000,19.29000,20.32000,8111500
2022-10-31,20.58000,20.90000,19.95500,20.070000,8519800
2022-11-01,21.24000,21.68300,19.45000,19.46000,9010700
2022-11-02,19.49000,19.5,17.59500,17.60000,13279400
2022-11-03,17.36000,17.62800,16.66000,16.67000,10852800
2022-11-04,17.15000,17.28000,15.55500,16.12000,16705800
2022-11-07,16.40500,16.55000,15.125,15.63000,13895100
2022-11-08,15.64000,16.93000,15.051000,15.64000,24061600
2022-11-09,13.34500,13.75,11.93500,12.10000,37197100
2022-11-10,13.72900,15.47000,13.37000,14.99000,32972400
2022-11-11,14.97000,17.45500,14.75,17.010000,26203600
2022-11-14,16.70000,16.97000,16.059999,16.28000,16879200
2022-11-15,17.45000,18.49000,16.92000,17.31000,17878300
2022-11-16,16.76000,16.90400,14.85000,15.12000,17886800
2022-11-17,14.32000,14.82000,13.87000,14.59000,13060100
2022-11-18,15.25,15.29000,13.38100,13.51000,15693500
2022-11-21,13.15000,13.30000,12.35000,12.96000,14582300
2022-11-22,12.88500,13.11000,12.38000,12.67000,10459600
2022-11-23,12.79500,13.42500,12.49000,13.31000,12481400
2022-11-25,13.15000,13.21500,12.86000,13.080000,5798100
2022-11-28,12.86000,13.93000,12.52000,12.58000,15072000
2022-11-29,12.70000,13.28000,12.59000,12.81000,12296600
2022-11-30,12.93500,14.010000,12.41000,13.92000,22052600
2022-12-01,14.28000,14.64000,13.75,14.41000,14360500
2022-12-02,13.80000,14.63000,13.72200,14.62000,10818700
2022-12-05,14.44500,15.050000,12.95000,13,15194200
2022-12-06,13.020000,13.025000,11.90000,11.96500,15272600
2022-12-07,11.81000,11.86000,11.22500,11.34000,18377000
2022-12-08,11.52000,11.89000,10.69000,11.62000,23607400
2022-12-09,11.55000,11.67000,11.25,11.34000,12779200
2022-12-12,11.35000,12.29000,11.30000,12.27000,13905700
2022-12-13,13.39000,13.73000,11.58000,11.78000,22475100
2022-12-14,11.72000,12.44000,11.28000,11.30000,18396600
2022-12-15,10.88000,11.085000,10.36500,10.37000,17409000
2022-12-16,10.26000,10.45000,9.77000,10.12000,19028000
2022-12-19,10,10.080000,9.34000,9.48000,13538900
2022-12-20,9.31000,9.83500,9.16000,9.44000,11482300
2022-12-21,9.5,9.69000,9.13000,9.51000,11727000
2022-12-22,9.36000,9.36000,8.62000,9.15000,14698900
2022-12-23,9.050000,9.38500,8.88000,9.19000,10908900
2022-12-27,8.97000,9.16500,8.63000,8.91000,14115500
2022-12-28,8.80500,9.18900,8.76000,9.030000,11056200
2022-12-29,9.20000,9.95000,9.040000,9.66000,16966600
2022-12-30,9.45000,9.72000,9.32500,9.67000,10458400
2023-01-03,10.020000,10.23000,8.95000,9.10000,14783500
2023-01-04,9.35000,10.050000,9.14000,9.89000,16311100
2023-01-05,9.67000,9.72100,9.18000,9.19000,11763800
2023-01-06,9.10000,9.33900,8.80000,9.060000,12487400
2023-01-09,9.31000,9.82000,9.21000,9.43000,13617600
2023-01-10,9.31000,10.080000,9.10000,10.060000,12314300
2023-01-11,10.18000,11.35000,10.040000,11.32000,23287900
2023-01-12,11.47000,12.21000,10.84000,12.20000,21853500
2023-01-13,11.75,12.94000,11.71000,12.88000,19009900
2023-01-17,12.88000,13.55000,12.54500,13.45000,14529000
2023-01-18,13.80000,14.57000,12.90000,12.98000,22009500
2023-01-19,12.42000,12.68500,11.91000,12.25,20007200
2023-01-20,12.55000,14.30000,12.28500,14.30000,20373000
2023-01-23,14.53000,15.82000,14.21000,15.45000,24866000
2023-01-24,15.12000,16.049999,14.19000,14.32000,20382600
2023-01-25,13.38000,14.24000,12.86000,14.14000,22855200
2023-01-26,14.75,15.23000,13.81200,14.36000,16196500
2023-01-27,14.38000,16.59500,14.22000,16.24000,24317900
2023-01-30,15.66000,16.11500,15.050000,15.10000,15513800
2023-01-31,15.35000,16.5,14.86000,16.19000,17316700
2023-02-01,15.97000,18.030001,15.57500,17.72000,22555200
2023-02-02,18.77500,22.75,18.72000,21.14000,39691200
2023-02-03,19.29000,20.49500,18.030001,18.15000,28836400
2023-02-06,17.84000,18.24500,16.85000,17.010000,18110600
2023-02-07,16.89000,17.60000,16.13000,17.21000,24229000
2023-02-08,16.88000,17.61000,15.95000,16.020000,31802000
2023-02-09,13.55000,14.33000,12.51500,13.29000,57168800
2023-02-10,12.90000,13.43500,12.36000,12.52000,22708500
2023-02-13,12.47000,13.20000,11.98000,12.70000,20373200
2023-02-14,12.51000,13.24000,12.15000,13.10000,21397200
2023-02-15,13.18000,15.21000,13.050000,14.70000,28733500
2023-02-16,13.89000,14.40000,13.53000,13.58000,19479300
2023-02-17,13.34000,13.51000,12.51000,12.98000,16221100
2023-02-21,12.52500,12.96500,12.22000,12.81000,15183000
2023-02-22,12.84000,13.69200,12.80000,13.46000,15714400
2023-02-23,13.68500,13.88000,12.96000,13.69000,13216100
2023-02-24,13.16000,13.45000,12.75,13.070000,13178200
2023-02-27,13.41000,13.41000,12.83000,12.84000,12306900
2023-02-28,12.82000,13.97000,12.72000,13.62000,25098400
2023-03-01,13.40000,13.49000,12.30000,12.61000,16132600
2023-03-02,12.28000,12.99000,11.96000,12.93000,11054000
2023-03-03,13.040000,13.85000,12.95000,13.63000,11803500
2023-03-06,13.75500,14.36000,13.11500,13.17000,14277700
2023-03-07,13.010000,13.32600,11.95000,12,15136100
2023-03-08,12,12.42000,11.63000,12.13000,13782100
2023-03-09,12.030000,12.54000,11.13000,11.31000,17953800
2023-03-10,11.17200,11.20500,10.030000,10.37000,24806200
2023-03-13,10.070000,10.59000,9.41000,10.33000,20041200
2023-03-14,10.76000,10.91600,9.84000,10.010000,20790000
2023-03-15,9.65200,9.91500,9.31000,9.84000,21858600
2023-03-16,9.79000,10.030000,9.36000,9.96000,16201400
2023-03-17,9.83000,9.96000,9.17000,9.49000,17437800
2023-03-20,9.36000,9.73800,9.15000,9.29000,13693100
2023-03-21,9.46000,10.74000,9.40000,10.5,20853800
2023-03-22,10.62000,10.99000,9.73000,9.76000,23931000
2023-03-23,9.81000,10.75,9.66000,9.99000,18147800
2023-03-24,9.79800,10.36000,9.67000,10.33000,14626400
2023-03-27,10.5,10.66000,9.92000,10.22000,12077000
2023-03-28,10.14000,10.23500,9.11000,9.47000,23167300
2023-03-29,9.73000,10.57000,9.54000,10.5,16388000
2023-03-30,10.80000,10.90000,10.33000,10.42000,10385200
2023-03-31,10.60000,11.44000,10.41000,11.27000,16148500
2023-04-03,11.20000,11.42500,10.83000,11.29000,10730900
2023-04-04,11.47000,11.48000,10.63000,10.81000,10657200
2023-04-05,10.60000,10.75500,10.010000,10.40000,9749600
2023-04-06,10.32000,10.89000,10.12000,10.57000,9311300
2023-04-10,10.41000,11.15000,10.28000,11.13000,9345900
2023-04-11,11.25,11.80000,11.22000,11.70000,10343700
2023-04-12,12.18000,12.26900,10.90500,10.94000,14415100
2023-04-13,11.12000,11.625,11.040000,11.37000,11221900
2023-04-14,11.44000,11.54000,10.68500,11.040000,11261100
2023-04-17,10.93000,11.62800,10.83000,11.51000,10452500
2023-04-18,11.60000,11.74500,11.34000,11.68000,7794900
2023-04-19,11.41000,11.68000,11.23000,11.49000,6317600
2023-04-20,11.23000,11.40000,10.90000,10.92000,6764900
2023-04-21,10.97000,11.41500,10.89000,10.99000,9055700
2023-04-24,10.86000,10.95000,10.26000,10.53000,7589400
2023-04-25,10.44000,10.44000,9.94500,9.95000,7439000
2023-04-26,10.14000,10.35000,9.76000,9.84000,8154000
2023-04-27,9.97000,10.41500,9.83000,10.16000,10349600
2023-04-28,10.050000,10.49600,9.79500,9.86000,10387700
2023-05-01,9.86000,10.13000,9.42000,9.99000,16321100
2023-05-02,9.89000,9.92000,9,9.010000,14544000
2023-05-03,9.10500,9.86000,8.98000,9.26000,18858200
2023-05-04,9.15000,9.28000,8.80000,9.13000,14838600
2023-05-05,9.28000,10.81500,9.28000,10.71000,23216400
2023-05-08,10.90500,11.98000,10.79000,11.94000,20473300
2023-05-09,11.60000,12.73900,11.54000,12.30000,27208400
2023-05-10,12.11000,12.96500,11.61000,12.25,31110200
2023-05-11,12.20000,13.19000,11.86000,12.47000,18486600
2023-05-12,12.45000,12.45000,11.57000,12.070000,15443700
2023-05-15,12.13000,12.98000,11.84300,12.80000,14335600
2023-05-16,12.62000,12.83000,12.10000,12.39000,12291300
2023-05-17,12.60000,13.45000,12.40000,13.16000,15053800
2023-05-18,13.30000,14.74000,13.22000,14.69000,21996000
2023-05-19,14.59000,14.65000,13.68000,13.76000,14816600
2023-05-22,13.79000,14.83500,13.58000,14.53000,16413200
2023-05-23,14.38000,15.41000,14.27000,14.41000,17572200
2023-05-24,14.050000,14.37000,13.60500,14.30000,13270100
2023-05-25,14.57000,14.76000,13.5,13.71000,11407300
2023-05-26,13.75,14.25,13.57000,14.080000,8104100
2023-05-30,14.29000,14.95000,14.020000,14.74000,11760300
2023-05-31,14.70000,15.78000,14.30000,14.86000,17195400
2023-06-01,14.72500,15.23000,14.38000,14.58000,13232300
2023-06-02,15.080000,15.88000,14.59000,15.70000,15216200
2023-06-05,15.82000,16.46000,15.12000,15.55000,14801400
2023-06-06,15.25500,16.25,15.25,15.82000,12844200
2023-06-07,18.42000,19.5,16.13000,16.20000,65058700
2023-06-08,16.52000,19.030001,16.29700,18.85000,41192100
2023-06-09,19.18000,19.58000,17.36000,17.39000,27901500
2023-06-12,17.55000,18.86000,17.46000,18.26000,20602500
2023-06-13,18.63000,19.25,18.15000,18.74000,19438300
2023-06-14,17.69000,17.90000,16.45500,17.040001,38468200
2023-06-15,16.79000,17.46000,16.35500,17.28000,15607600
2023-06-16,17.15000,17.43000,16.51000,16.67000,12268400
2023-06-20,16.5,16.85000,15.83000,16.049999,12107400
2023-06-21,15.89000,16.059999,15.15500,15.5,12325000
2023-06-22,15.32000,15.54000,14.87000,14.89000,9323700
2023-06-23,14.78000,15.065000,14.55000,14.81000,10625300
2023-06-26,14.85000,15.69800,14.76500,14.84000,9037100
2023-06-27,14.98000,15.49000,14.69000,15.20000,12195200
2023-06-28,15,15.54000,14.85000,15.48000,11892700
2023-06-29,15.66500,16.13000,15.12000,15.38000,10243500
2023-06-30,15.78000,16.090000,15.10500,15.33000,10989700
2023-07-03,15.45000,16.53000,15.45000,16.12000,9692500
2023-07-05,15.85000,15.88500,15.25,15.42000,10879700
2023-07-06,14.40000,14.48000,12.81000,13.79000,28003500
2023-07-07,13.84000,14.13500,13.59000,13.65000,12679400
2023-07-10,13.46000,14.79000,13.40000,14.78000,13031100
2023-07-11,15.44000,16.52500,14.93300,16.21000,27264500
2023-07-12,16.74000,16.94000,16.090000,16.36000,15479600
2023-07-13,16.58000,17.98000,16.27000,17.45000,22101500
2023-07-14,17.33000,17.78000,16.17300,16.39000,13558700
2023-07-17,16.35000,17.54000,15.90000,17.12000,12892300
2023-07-18,17.18000,17.94000,16.91000,17.040001,12304300
2023-07-19,17.56000,18.67000,17.29000,17.65000,19552900
2023-07-20,17.15000,17.63000,16.58000,17.12000,12579200
2023-07-21,17.35000,17.58000,16.53000,17.12000,10342900
2023-07-24,17.15000,17.36000,16.63500,17.070000,7133000
2023-07-25,17.30000,18.51000,17.12000,17.60000,18258700
2023-07-26,17.34000,17.77000,16.68000,17.73000,14981400
2023-07-27,18.33000,19.34500,16.29000,16.43000,18385900
2023-07-28,16.96000,17.53000,16.78000,17.27000,11981700
2023-07-31,17.55000,19.40000,17.5,19.39000,23277700
2023-08-01,19.049999,19.73800,18.52000,19.61000,14847000
2023-08-02,18.68000,18.90000,17.10000,17.77000,15840200
2023-08-03,17.41000,17.74000,16.91100,17.45000,9460000
2023-08-04,17.77000,17.77000,16.61000,16.69000,11446200
2023-08-07,16.61000,16.69000,15.35000,15.66000,12664500
2023-08-08,15.040000,15.83000,14.92000,15.80000,12455300
2023-08-09,15.48800,16.030001,15.21000,15.52000,11264600
2023-08-10,15.63000,15.95000,14.78000,14.99000,9910200
2023-08-11,14.72000,15.31000,14.61000,15.16000,7241100
2023-08-14,14.92000,15.15000,14.58000,15.13000,7420100
2023-08-15,14.90000,14.94000,14.43900,14.5,6479000
2023-08-16,14.35000,14.71500,14.26000,14.37000,6901400
2023-08-17,14.37000,14.57100,14.080000,14.22000,7397200
2023-08-18,13.74000,14.51000,13.67000,14.5,7390600
2023-08-21,14.56000,14.81500,14.36000,14.65000,5522500
2023-08-22,14.92000,15.38000,14.16000,14.22000,7335500
2023-08-23,14.10000,14.58000,13.96000,14.51000,6969800
2023-08-24,14.55000,14.58000,13.74000,13.81000,24674200
2023-08-25,15.090000,18.32000,15,17.79000,85735900
2023-08-28,18.10000,18.13000,17.070000,17.95000,29435800
2023-08-29,17.95000,19.44000,17.88500,19.15000,26439600
2023-08-30,19.049999,20.13000,18.77000,20.030001,22398500
2023-08-31,20.11000,21.12000,19.88100,20.81000,19815400
2023-09-01,20.97500,22.040001,20.71000,21.86000,18943400
2023-09-05,21.77000,22.49000,21.61000,21.93000,12892900
2023-09-06,21.71000,22.45000,21.47400,22.10000,12989500
2023-09-07,21.56000,22.67800,20.84000,22.48000,14985800
2023-09-08,22.40000,22.55000,21.47000,22.47000,11802300
2023-09-11,23.090000,23.875,22.66000,23.57000,13454000
2023-09-12,23.39000,24.35000,23.12000,23.87000,13024300
2023-09-13,23.95000,24.22000,23.27100,23.35000,9888800
2023-09-14,23.76000,24.15000,23.48500,23.62000,9611600
2023-09-15,23.52500,24.48500,23.43800,24.37000,11545400
2023-09-18,24.29500,25.63000,23.90000,25.010000,14582700
2023-09-19,25.080000,25.13000,23.11000,23.75,15692900
2023-09-20,24.070000,24.55000,23.070000,23.10000,11017700
2023-09-21,22.055000,22.16000,21.049999,21.25,20389200
2023-09-22,21.375,21.63000,20.020000,20.18000,15009500
2023-09-25,20,20.49000,19.010000,20.22000,17756400
2023-09-26,19.77000,20.58500,19.72000,19.91000,9357600
2023-09-27,20.14000,20.57000,19.57800,20.26000,10232100
2023-09-28,20.21000,21.070000,20.035000,20.85000,9477900
2023-09-29,21.28000,22.52500,21.19000,21.27000,17599100
2023-10-02,21.18000,21.45000,20.25,20.45000,9694900
2023-10-03,20,20.18000,17.94000,18.28000,18377800
2023-10-04,18.55000,18.93000,17.48000,17.90000,13247600
2023-10-05,17.62000,17.81500,16.99000,17.51000,10890300
2023-10-06,16.85000,18.27000,16.69000,17.94000,13385700
2023-10-09,17.52000,18.92000,17.45000,18.79000,10760300
2023-10-10,18.95000,20.26000,18.65000,19.70000,12294000
2023-10-11,19.78000,20.58000,19.36000,20.13000,11973200
2023-10-12,20.20000,20.35000,18.57000,18.60000,12163700
2023-10-13,18.67000,18.79000,17.73000,18,10978800
2023-10-16,18.26000,19.030001,17.87000,18.88000,10493200
2023-10-17,18.59000,20.077000,18.44000,19.97000,12655300
2023-10-18,19.70000,20.42000,18.51100,18.80000,14285700
2023-10-19,18.71000,19.20700,18.24000,18.29000,9560600
2023-10-20,18.059999,18.51000,17.66000,18.25,8660500
2023-10-23,17.90000,19.0049992,17.18000,18.5,9412500
2023-10-24,18.82000,19.98000,18.82000,19.56000,10978600
2023-10-25,17.95000,17.97000,15.97300,16.64000,25448400
2023-10-26,16.82000,17.74000,16.38000,17.42000,15506800
2023-10-27,17.64000,17.78000,16.80000,16.93000,12059400
2023-10-30,17.35500,17.74000,16.5,17.10000,9911200
2023-10-31,17.40000,17.86000,16.875,17.61000,9675700
2023-11-01,17.70000,17.86000,16.85000,17.61000,9481500
2023-11-02,19.61000,21.10000,19.57000,21.040001,25182700
2023-11-03,21.78000,23.14000,21.75800,22.43000,19359900
2023-11-06,22.42000,22.59000,21.19000,21.71000,11478800
2023-11-07,21.71000,22.38000,21.059999,22.090000,10337300
2023-11-08,21.51000,22.19000,20.20000,21.76000,21472500
2023-11-09,24.97000,27.15700,24.43000,24.86000,47263500
2023-11-10,24.70000,24.75,21.87000,22.43000,27831500
2023-11-13,22.25,23.19800,21.88000,22.88000,10313600
2023-11-14,24.86000,26.20000,24.59000,25.56000,22925200
2023-11-15,25.34000,27,25.15000,25.98000,19694600
2023-11-16,25.46000,25.58000,24.27000,24.54000,14409300
2023-11-17,24.83500,25.22000,24.40000,24.79000,11289700
2023-11-20,24.80000,25.95000,24.040001,25.46000,10962800
2023-11-21,25.030001,25.28000,24.18000,25.030001,8310000
2023-11-22,25.5,26.068001,25.094999,25.57000,9655500
2023-11-24,25.54000,26.55000,25.020000,26.23000,6819200
2023-11-27,27.080000,30.35000,27.049999,29.37000,45419500
2023-11-28,29.87000,33.049999,28.83000,32.75,44306000
2023-11-29,32.66000,34.96000,32.60000,34.12000,34864700
2023-11-30,33.82000,34.88800,32.80500,34.41000,21455100
2023-12-01,34.20000,37.94500,33.82000,37.67000,33193400
2023-12-04,37.062000,39.11000,36.56000,38.56000,27938300
2023-12-05,38.0099983,38.64000,36.12000,38.19000,20577000
2023-12-06,38.71000,41.89000,38.28000,38.38000,37398600
2023-12-07,37.78000,39.83000,37.25,39.41000,19327500
2023-12-08,39.28000,42.42000,38.61000,42.070000,27475700
2023-12-11,42.15000,42.86000,38.65000,39.92000,29495100
2023-12-12,40.099998,40.17000,37.80000,39.52000,21149300
2023-12-13,39.90000,44.72000,38.71000,44.40000,30974600
2023-12-14,45,46.96000,42.90000,44.84000,30051100
2023-12-15,45.24000,45.94000,43.17000,43.97000,21245500
2023-12-18,40.86000,44.62000,40.61000,43.70000,22009500
2023-12-19,46.16000,51.56000,46.029999,50.46000,58396000
2023-12-20,51,51.88000,45.48000,45.51000,46132200
2023-12-21,47.44000,48.92000,46.92000,47.94000,29678400
2023-12-22,49,50.19000,48.090000,49.060001,24447200
2023-12-26,49.35000,50.84000,48.76000,50.040001,13918300
2023-12-27,50.20000,52.48000,49.80000,51.24000,20787900
2023-12-28,50.39000,51.42000,49.88000,51.39000,12768500
2023-12-29,51.15000,51.86100,48.25,49.14000,20281300
2024-01-02,47.78500,47.90500,45.72000,46.60000,16486200
2024-01-03,44.19000,45.43000,43.35000,43.49000,16484900
2024-01-04,43.49000,44.67000,42.41300,42.5,13357400
2024-01-05,41.58000,43.91000,41.43500,43.0099983,12933100
2024-01-08,43.58000,45.98000,42.95000,45.34000,14566500
2024-01-09,44.61000,45.45500,43.67000,44.070000,10287800
2024-01-10,43.79000,44.95000,42.66000,43.56000,12016800
2024-01-11,42.94000,43.52000,41.16000,42.81000,15402800
2024-01-12,43.0099983,44.14600,41.65000,41.79000,10920000
2024-01-16,41.099998,42.48000,40.31000,40.98000,10842500
2024-01-17,40,41.060001,39.34700,41.0099983,7274400
2024-01-18,41.67000,42.20000,39.59000,40.14000,11489900
2024-01-19,40.28000,42.24000,39.44500,42.17500,12576100
2024-01-22,44.52500,47.75,43.21000,44.35000,23811300
2024-01-23,45.33000,45.67500,41.85000,41.88000,12769500
2024-01-24,42.93000,43.78000,40.28000,40.49000,10322100
2024-01-25,41.68000,41.98000,40.375,40.71000,7911700
2024-01-26,40.93000,43.18000,40.83000,41.34000,10726600
2024-01-29,41.54500,44.44000,41.30000,43.77000,15759900
2024-01-30,43.020000,43.82000,42.23000,42.73000,8073200
2024-01-31,42.19000,44.34000,40.30000,40.51000,14748200
2024-02-01,41,41.12000,37.56000,39.67000,15721700
2024-02-02,38.25,41.044998,38,41.0099983,11058500
2024-02-05,39.92500,41.71000,39.62000,41.55000,11207900
2024-02-06,41.62000,43.45000,41.090000,43.43000,11714900
2024-02-07,43.90000,45.075001,42.81000,44.61000,11097800
2024-02-08,45.75,49.74000,45.020000,49.22000,33369500
2024-02-09,46.23000,49.99000,42.036999,43.86000,38591500
2024-02-12,43.78000,47.44000,43.36000,45,14685000
2024-02-13,41.59000,42.080002,39.20000,39.75,17945700
2024-02-14,40.86000,41.60000,40.14000,40.99000,8263100
2024-02-15,41.43000,42.20000,40.95000,41.56000,6638700
2024-02-16,40.81000,40.84000,38.12000,38.14000,10435500
2024-02-20,37.22000,38.025002,36.47000,37.99000,9398200
2024-02-21,36.95000,37.25500,35.91000,36.67000,7355500
2024-02-22,37.80000,38.78000,37.30000,37.33000,7826600
2024-02-23,37.5,38.68000,36.60000,36.98000,7101300
2024-02-26,36.80000,37.54200,36.61400,37.35000,5068500
2024-02-27,38.26000,39.51000,37.55000,39.30000,7875200
2024-02-28,38.58000,39.37000,37.48000,37.5,5880100
2024-02-29,38.79000,39.29000,37.30000,37.52000,8258400
2024-03-01,37.60000,38.44000,36.61000,38.0099983,6349900
2024-03-04,38.68000,39.23000,37.020000,37.67000,6787500
2024-03-05,36.72000,37.46000,35.73000,36.020000,6971100
2024-03-06,37,38.38000,36.21000,36.87000,7366300
2024-03-07,37.47000,37.61200,36.23400,36.59000,5280500
2024-03-08,37.30000,39.96000,37.11000,38.76000,11031200
2024-03-11,38.80000,39.19000,37.13000,37.21000,6046200
2024-03-12,37.41000,37.97000,35.93000,37.52000,5585600
2024-03-13,37.31000,40.32000,37.30000,38.79000,9236900
2024-03-14,38.099998,38.57000,32.87000,33.42000,13614000
2024-03-15,33.22000,33.95000,32.97000,33.71000,7103300
2024-03-18,33.98000,34.63000,33.40000,34.21000,4871400
2024-03-19,33.099998,34.44000,32.45000,33.92000,5276200
2024-03-20,34.94500,37.84000,34.56000,37.79000,8919400
2024-03-21,38.34000,39.38000,37.41000,37.51000,7067700
2024-03-22,37.040001,37.33000,35.58000,36.040001,4874100
2024-03-25,36.36000,37.44000,36.25100,36.63000,3827800
2024-03-26,37.049999,38.49000,36.42000,37.33000,6000700
2024-03-27,37.85000,37.97000,35.51000,36.72000,7087700
2024-03-28,36.78000,38.26000,36.47000,37.26000,6442000
2024-04-01,37.26000,37.32700,34.82000,34.83000,5872200
2024-04-02,33.5,34.18000,32.75,34.090000,4345200
2024-04-03,33.54000,34.62000,33.21100,33.66000,3373200
2024-04-04,34.12000,34.66900,32.0099983,32.11000,4974900
2024-04-05,32.051998,33.46000,31.73000,32.87000,4500700
2024-04-08,33.049999,34.5,32.84500,34.11000,5540800
2024-04-09,34.33000,35.39000,33.84300,35.37000,4225700
2024-04-10,33.71000,34.41000,33,33.57000,5183000
2024-04-11,33.60000,33.84000,32.66000,33.80000,3542800
2024-04-12,33.29000,33.54000,32.32000,32.62000,4069300
2024-04-15,32.57000,33.080002,31.030001,31.059999,5162000
2024-04-16,30.31000,31.21000,29.58000,30.92000,5847800
2024-04-17,31.45000,31.71500,30.75,30.87000,3518200
2024-04-18,31,32.38000,30.42000,31.15000,7061300
2024-04-19,30.80000,31.92000,30.54000,31.010000,4998800
2024-04-22,31.43000,32.19000,30.44000,31.96500,4202300
2024-04-23,30.44000,33.29000,30.44000,32.76000,8819400
2024-04-24,32.99000,33.27000,31.76500,32.080002,3911300
2024-04-25,30.85000,32.080002,30.27000,31.65000,5192400
2024-04-26,31.90000,33.91000,30.94000,33.33000,6292200
2024-04-29,33.30000,33.90000,32.83000,33.42000,3135400
2024-04-30,32.75800,33.26000,31.80000,31.88000,4482900
2024-05-01,31.43000,33.85000,31.27000,32.12000,5370700
2024-05-02,33.080002,34.46000,32.49000,34.44000,5215200
2024-05-03,36.34000,36.70000,34.62000,34.93000,5426300
2024-05-06,35.21000,36.56000,35.21000,36.020000,5168100
2024-05-07,35.44500,36.58000,34.86000,34.90000,8374800
2024-05-08,35.5,37.88000,31.070000,31.58000,20637200
2024-05-09,32.61000,34.89000,32.32000,34.81000,11344800
2024-05-10,34.53000,34.65000,31.58000,31.59000,8419500
2024-05-13,32.38000,33.78000,31.84000,32.0099983,7697700
2024-05-14,32.85000,34.31000,32.76000,33.44000,7683900
2024-05-15,34.51000,34.80000,32.17000,32.30000,5814400
2024-05-16,31.93000,32.24000,30.88000,31.32000,7136100
2024-05-17,31.26000,33.87000,31.25,33.83000,11932900
2024-05-20,33.79000,33.87000,32.78000,33.029999,4722300
2024-05-21,32.94000,32.94000,31.76000,32.28000,3760300
2024-05-22,31.88000,31.97000,29.54000,30.61000,10328300
2024-05-23,30.74000,30.92000,29.36000,29.68000,5230600
2024-05-24,29.87000,30.47000,29.5,30.030001,3713300
2024-05-28,30.45000,30.5,29.21000,29.64000,3769100
2024-05-29,28.93000,29.35000,28.39000,28.72000,4326300
2024-05-30,28.86000,29.79500,28.56100,29.36000,3975700
2024-05-31,29.60000,30.080000,28.75,29.27000,3497000
2024-06-03,30,30,28.51000,28.81000,3276700
2024-06-04,28.60000,30.22000,28.48500,30.14000,5255500
2024-06-05,30.14000,31.23000,29.42000,31,4618400
2024-06-06,30.81000,31.39000,30.15400,31.19000,3531200
2024-06-07,30.42000,30.80000,29.71000,30.049999,3867700
2024-06-10,29.60000,30.49000,29.51000,30.44000,2666500
2024-06-11,32.82900,33.98000,31.21000,33.80000,19250800
2024-06-12,36,39.25,35.5,35.75,24332300
2024-06-13,36.099998,36.89000,33.34000,33.43000,8102000
2024-06-14,32.70000,32.94000,30.52500,30.90000,8056600
2024-06-17,30.42000,31.81000,29.82000,30.81000,10156900
2024-06-18,30.67200,31.30000,29.90000,30.53000,5348200
2024-06-20,30.75,30.79000,29.36000,30.14000,6594600
2024-06-21,30.21000,30.34000,29.43000,29.87000,5656600
2024-06-24,31,34.13000,30.77000,33.70000,13615200
2024-06-25,33.29000,33.44000,32.52700,32.97000,6055200
2024-06-26,32.87000,32.875,31.22000,31.41000,6123400
2024-06-27,30.75,31.24000,30.40000,30.46000,8030000
2024-06-28,30.5,31.45100,29.60000,30.21000,11318000
2024-07-01,30.21000,30.44000,29.46000,29.83000,3579000
2024-07-02,29.96000,30.13000,29.16300,29.38000,5119100
2024-07-03,29.34000,29.54000,28.71000,28.98000,3632800
2024-07-05,28.77000,28.88000,28.35000,28.55000,4902700
2024-07-08,28.81000,28.81000,27.60000,28.15000,7794500
2024-07-09,28.020000,29.18000,27.77000,28.36000,5221600
2024-07-10,28.59000,28.78000,27.45000,28.17000,4809800
2024-07-11,30.20000,30.44000,28.87000,29.61000,8051600
2024-07-12,29.83000,30.46000,29.39000,29.54000,5904900
2024-07-15,29.72000,32.36000,29.62000,32.099998,10723300
2024-07-16,32.40000,33.47000,32.12400,33.46000,8879700
2024-07-17,32.32000,34.30000,31.90400,32.27000,8783900
2024-07-18,32.049999,32.73000,30.48000,30.86000,6270300
2024-07-19,30.58000,30.69000,29.90000,29.96000,4199500
2024-07-22,30.36000,30.61000,29.29000,29.63000,3628600
2024-07-23,29.56000,29.94500,29.27000,29.34000,2539000
2024-07-24,29.12000,29.17500,26.36000,26.46000,6810700
2024-07-25,26.70000,27.21000,25.89000,26.46000,4919000
2024-07-26,27.70000,27.70000,26.52000,27.10000,5121900
2024-07-29,27.34000,27.80000,26.53500,26.84000,4384100
2024-07-30,28.55000,29.20000,27.010000,27.46000,7661300
2024-07-31,28.11000,29.33400,27.80000,28.29000,7148100
2024-08-01,28.18000,28.84000,25.97000,26.42000,6952400
2024-08-02,25.15000,25.82000,23.95000,25.77000,8237900
2024-08-05,22.25,25.16000,22.25,24.56000,6907800
2024-08-06,24.74000,24.96000,23.89000,24.16000,4455100
2024-08-07,25.77000,26.41000,24.10000,24.12000,7062100
2024-08-08,24.37000,25.27200,24.15000,25.21500,4250000
2024-08-09,25.34000,25.82000,24.68000,25.44000,4959700
2024-08-12,25.33000,25.43000,24.67000,25.17000,4273900
2024-08-13,25.60000,26.48000,25.35000,26.25,5571000
2024-08-14,26.75800,26.88000,25.97000,26.58000,3875200
2024-08-15,27.29500,28.57000,27.20000,28.37000,7037200
2024-08-16,28.41000,28.90000,28.15000,28.45000,4728200
2024-08-19,28.51000,30.38000,28.36000,30.34000,5782400
2024-08-20,30.41000,31.46000,29.19500,29.29000,7752000
2024-08-21,29.32000,29.84000,28.47000,29.75,6165800
2024-08-22,29.70000,31.44000,29.62000,29.96000,9941800
2024-08-23,30.10000,32.17000,30.020000,31.46000,8112600
2024-08-26,32.46000,32.49000,31.049999,31.88000,9265900
2024-08-27,31.5,32.67000,31.5,32.51000,8411100
2024-08-28,32.23000,32.51000,30.46000,31.58000,16394900
2024-08-29,39.11000,42.87000,37.52000,41.66000,54415100
2024-08-30,41.5,44.89000,40.57000,44.0099983,30046500
2024-09-03,43.78000,44.99000,40.73500,41.59000,16044500
2024-09-04,41,42.48000,39.18000,40.23000,12894600
2024-09-05,40.31000,42,39.52000,39.64000,9926200
2024-09-06,40.099998,41.31000,37.84000,38.44000,9750300
2024-09-09,38.75,39.80000,38.12000,38.17000,7940300
2024-09-10,38.17000,38.41000,35.72000,37.27000,9946000
2024-09-11,37.40000,40.29000,37.14000,40.24000,11334000
2024-09-12,40.029999,41.88000,39.17000,41.74000,10209500
2024-09-13,42.39000,44.63000,42.39000,44.0099983,13272700
2024-09-16,43.94000,45.020000,42.45000,44.060001,9320200
2024-09-17,44.95000,45.080002,43.32000,44,9613900
2024-09-18,43.79000,45.63000,43.25,44.28000,12468500
2024-09-19,46.58000,47.98000,44.35000,44.98000,21984200
2024-09-20,45,46,43.92000,44.93000,10703200
2024-09-23,45.24000,46.040001,44.63000,44.67000,7486500
2024-09-24,44.60000,44.88000,42.36000,44.62000,10047300
2024-09-25,44.72000,45.76000,43.15000,43.24000,6546900
2024-09-26,43.54000,43.79000,41.38000,41.64000,7830700
2024-09-27,42.19000,42.69000,40.87000,41.16000,5092200
2024-09-30,40.54000,41.95000,40.020000,40.82000,5832700
2024-10-01,40.91000,41.0099983,38.37000,38.48000,6232100
2024-10-02,38.38000,39.53000,37.90000,39.049999,5892200
2024-10-03,38.71000,39.19000,37.74000,38.5,3803100
2024-10-04,39.46000,39.64000,37.31300,39.36000,7258400
2024-10-07,39.38000,39.59000,38.14000,38.60000,5238500
2024-10-08,40.75,41.70000,39.27400,41.15000,12998300
2024-10-09,42.89500,43.83000,41.53000,43.25,13616100
2024-10-10,42.53000,43.23000,41.63000,42.0099983,7460700
2024-10-11,43.30000,48.40000,43.21000,47.080002,19657600
2024-10-14,47.20000,49.59500,46.21000,49.26000,17770000
2024-10-15,49.34000,50.090000,47.23000,47.86000,9262200
2024-10-16,48.20000,48.5,46.80000,47.97000,5416800
2024-10-17,47.40000,47.71000,43.65000,43.93000,13088300
2024-10-18,44.18000,45.12900,42.52000,44.54000,8920800
2024-10-21,45.24000,46,43.42000,43.65000,5793400
2024-10-22,43.32000,44.0050011,42.93000,43.99000,4149000
2024-10-23,43.48000,44.41000,41.49000,41.81000,7321200
2024-10-24,42.49000,43.33000,41.35000,42.029999,5950900
2024-10-25,42.25,42.47000,40.63200,40.70000,5592300
2024-10-28,41.86500,43.54000,41.5,42.12000,8919100
2024-10-29,41.96500,42.98000,41.090000,42.87000,7591100
2024-10-30,42.44000,46.27000,42.40000,45.24000,10627700
2024-10-31,44.39000,45.29000,42.78000,43.85000,7558800
2024-11-01,44.12000,44.34000,42.049999,43.22000,6690800
2024-11-04,43.42000,44.85000,43.049999,43.69000,6609300
2024-11-05,43.62000,46.14000,43.33000,45.60000,7255200
2024-11-06,48.85000,50.049999,47.68000,50,12850700
2024-11-07,51.42000,51.60000,48.30000,48.79000,19168000
2024-11-08,48.099998,48.099998,42.68000,46.48000,26571700
2024-11-11,47.99000,57.76000,47.98000,57.58500,31223100
2024-11-12,55.67000,57.93000,54.86000,57.59000,18858500
2024-11-13,58.5,59.27000,53.84000,54.82000,12690000
2024-11-14,55.18000,55.18000,52.98000,53.21000,8271700
2024-11-15,53,57.5,51.70000,56.15000,17805300
2024-11-18,57.41000,62.88000,57.35000,62.060001,17391400
2024-11-19,60.16000,64.010002,59.89000,63.96000,11505100
2024-11-20,64.095001,64.56000,61.88000,63.19000,7736700
2024-11-21,63.23000,66.61100,62.53000,65.74000,10112400
2024-11-22,67.25,70.029999,66.055000,66.55000,12428400
2024-11-25,68.19000,70.20000,67.010002,69.35000,8334800
2024-11-26,68,69.52000,65.69000,66.27000,8839600
2024-11-27,67.26000,69.070000,66.29000,68.37000,6758000
2024-11-29,69.20000,70.88000,68.52000,70.010002,5068000
2024-12-02,71.89000,72.099998,67.32000,68.39000,12149200
2024-12-03,67.73600,71.77000,67.33000,70.76000,8161000
2024-12-04,71,72.19000,69.85000,72,6178200
2024-12-05,72.48000,72.82000,68.27000,68.35000,9031500
2024-12-06,69.48000,72.28000,68.51000,71.88000,6504300
2024-12-09,71.69000,72.26000,67.12000,68.82000,6484700
2024-12-10,68.63000,70.15000,65.83000,66.32000,5277900
2024-12-11,67.38000,70.86000,67.27000,69.93000,5536900
2024-12-12,69.40000,71.60000,67.64000,68.77000,4675000
2024-12-13,71.029999,72.44000,67.78000,70.70000,8352300
2024-12-16,71.089996,73.34000,69.43000,72.86000,6832300
2024-12-17,70.24000,72.099998,66.67000,70.89000,10009200
2024-12-18,71.5,73.019997,62.34000,63.34000,18295300
2024-12-19,64.72000,67.35000,62.5,63,8404300
2024-12-20,62.37000,66.70000,61.90000,65.64000,8708300
2024-12-23,65.57000,65.57000,62.83000,64.95000,3726600
2024-12-24,65.61000,66.074997,64.53500,65.90000,1631300
2024-12-26,65.51000,67.35000,65.12000,66.85000,2563700
2024-12-27,66.070000,66.5,63.74000,64.64000,3585600
2024-12-30,63.37000,64.029999,62.15000,62.63000,3968900
2024-12-31,62.82000,63.23000,60.56000,60.90000,3924500
2025-01-02,62.23000,64.019997,60.85000,62.51000,5079700
2025-01-03,62.32000,66.53000,62.32000,66.5,4351400
2025-01-06,67.68000,68.19800,64.59000,65.089996,4803700
2025-01-07,65.46500,66.33000,60.56000,61.29000,4526100
2025-01-08,60.82000,62.049999,58.58000,58.67000,4486500
2025-01-10,57.34000,57.88100,54.77000,55.31000,7679400
2025-01-13,53.45000,54.71000,52.65000,54.69000,7080900
2025-01-14,56.64800,57.080002,54.65100,55.35000,4650900
2025-01-15,60.45000,61.27000,57.42000,58.21000,8389600
2025-01-16,58.94000,60.36000,57.58000,58,6066800
2025-01-17,59.099998,59.41000,57.95000,57.99000,4261700
2025-01-21,56.97000,58.099998,55.92000,56.76000,5036200
2025-01-22,56.58000,56.93000,55.20000,56.44000,3750400
2025-01-23,55.36000,56.81000,54.83000,56.76000,4214600
2025-01-24,59.040001,59.44000,55.26000,55.73000,6417900
2025-01-27,53.37000,55.26000,52.13000,55.17000,5043400
2025-01-28,56.36000,57.93000,54.63000,57.64000,4896900
2025-01-29,56.75,59.45000,56.21000,58.95000,5083900
2025-01-30,59.41000,62.30000,59.32600,62.099998,5658000
2025-01-31,62.72500,63.090000,60.020000,61.070000,4230500
2025-02-03,57.099998,61.19000,56.76600,59.88000,4640000
2025-02-04,59.5,61.53000,59.24100,59.53000,4392500
2025-02-05,60,63.23000,59.82000,62.80000,6706700
2025-02-06,63.12000,63.36000,60.56000,61.75,11196300
2025-02-07,69.90000,76.88000,68.30000,75.22000,28722500
2025-02-10,75.59000,79.67000,72.93000,77.75,12560400
2025-02-11,77.71000,79.040001,75.78000,78.019997,8500300
2025-02-12,76.15000,77,74.5,75.66000,8508100
2025-02-13,76.62000,79.59000,75.29300,79.28000,7378800
2025-02-14,79.78600,80.72000,78.059998,80.69000,6263300
2025-02-18,81.42500,82.52700,79.43000,80.98000,6010100
2025-02-19,80.059998,80.72000,75.82500,76.38000,6033500
2025-02-20,77,77.52000,72.58000,74.61000,6970700
2025-02-21,75.37000,75.64000,68.28900,68.55000,6634700
2025-02-24,68.91000,69.20000,63.060001,66.51000,8145800
2025-02-25,65.73000,66.44000,61.42000,63.96000,7325500
2025-02-26,64.85000,66.67000,63.58000,64.54000,3942300
2025-02-27,65.93500,66.58000,61.61000,61.71000,4827800
2025-02-28,60.59000,64.30000,60.26700,64.15000,5553700
2025-03-03,65.055000,67,61.24000,61.86000,7066300
2025-03-04,58.49500,60.20000,54.85100,57.0099983,12335700
2025-03-05,58.12000,59.57000,55.86000,58.65000,6352600
2025-03-06,57.049999,58.52500,52.45000,52.64000,6991800
2025-03-07,52.78500,53.24000,47.74000,51.97000,11914900
2025-03-10,49.38000,49.78000,44.16000,46.40000,9453900
2025-03-11,46.98000,47.77000,44.76000,46.77000,10154900
2025-03-12,49.45500,50.74000,47.12000,48.81000,8214100
2025-03-13,48.23000,48.92000,45.53000,46.90000,5719200
2025-03-14,48.33000,50.42000,48.32500,50.080002,6320900
2025-03-17,46.51000,48.060001,42.19000,47.96000,29973300
2025-03-18,46.82000,47.049999,43.40000,43.70000,10605200
2025-03-19,44.33000,48.37000,44.33000,47.71000,10959000
2025-03-20,46.87000,49.94000,46.81000,47.95000,7514100
2025-03-21,46.80000,50.18000,46.52200,49.90000,5966800
2025-03-24,51.52000,52.68000,51.21000,52.54000,6161900
2025-03-25,52.87000,53.47000,50.36000,50.93000,7858100
2025-03-26,50.76000,50.85000,48,48.32000,4970300
2025-03-27,47.88000,48.14900,45.80000,47.38000,4646400
2025-03-28,46.92000,47.23000,45.029999,46.20000,4959300
2025-03-31,44.19000,45.70400,42.40000,45.19000,4968300
2025-04-01,44.44000,46.62000,44.099998,45.51000,3881500
2025-04-02,44.45000,48.75,44.20000,47.75,5403200
2025-04-03,43.19000,43.82000,37.73300,38.91000,17030300
2025-04-04,35.60000,36.17000,30.90100,35.75,18898100
2025-04-07,32.71000,40.080002,32.32000,37.57000,17242700
2025-04-08,40.24500,41.12000,35.61000,36.45000,11402500
2025-04-09,36.88000,45.55000,36.51000,44.30000,15583400
2025-04-10,42.20000,42.73000,39.12000,40.74000,9017800
2025-04-11,40.77000,40.94000,38.33000,40.49000,9164800
2025-04-14,41.73000,42.68000,40.0099983,40.78000,6144800
2025-04-15,40.52000,41.97000,40.52000,41.59000,4915100
2025-04-16,40.14000,41.080002,39.35000,40.76000,4914000
2025-04-17,40.72000,42.76000,40.65000,42.099998,4765100
2025-04-21,41.30000,41.81000,39.42000,40.65000,5179500
2025-04-22,41.95000,44.48000,41.58500,43.82000,6223700
2025-04-23,46.66000,48.91000,46.47000,46.84000,7622000
2025-04-24,47.30000,49.17000,47.24000,48.20000,7794100
2025-04-25,48.64800,50.17000,47.76000,49.090000,4719400
2025-04-28,49.75,50.15000,47.92000,49.17000,4703200
2025-04-29,50.099998,52.99000,49.57000,50.40000,7375600
2025-04-30,47.66000,50.20000,46.48000,49.76000,6021600
2025-05-01,51.33000,52.15000,49.68000,49.75,6100500
2025-05-02,50.76000,52.62000,50.65000,52.34000,7570300
2025-05-05,51.39000,53.26000,51.38000,52.090000,4896100
2025-05-06,51.049999,51.81000,50.40000,51,5236300
2025-05-07,50.73500,52.20000,50.028000,51.54000,5366500
2025-05-08,53.57500,55.76000,53.30000,54.26000,17051800
2025-05-09,50.5,51.20000,45.54000,46.41000,32087300
2025-05-12,49.97500,54.099998,49.60000,53.74000,19802000
2025-05-13,53.84000,55.56000,52.60000,53.94000,11413300
2025-05-14,54.63000,58.14000,54.61000,56.55000,14760400
2025-05-15,55.090000,55.85100,51.66000,51.75,9640400
2025-05-16,52.15000,52.87000,51.40000,52.57000,6078700
2025-05-19,50.22000,52.040001,49.80000,51.71000,4983200
2025-05-20,51.57000,51.75,49.62000,49.74000,5538000
2025-05-21,48.92000,49.42000,47.17000,47.24000,6722200
2025-05-22,47.17000,49.34000,46.89000,48.97000,5375000
2025-05-23,47.26000,49.81000,46.70500,49.30000,6817800
2025-05-27,50.75,51.54200,49.80000,51.18000,5646700
2025-05-28,51.029999,51.66900,49.98000,50.68000,3842500
2025-05-29,52.28500,53.35000,51.35000,52.049999,6257300
2025-05-30,51.61000,52.15500,50.82000,51.90000,3729700
2025-06-02,52,53.21000,50.58000,52.90000,4393800
2025-06-03,52.90000,55,52.85000,54.96000,5384600
2025-06-04,54.74000,55.25,53.70000,54.33000,4404100
2025-06-05,54.85000,57.28000,54.43000,55.71000,6298300
2025-06-06,57.44000,59.81000,57.37000,58.92000,7235100
2025-06-09,60.049999,61.74000,59.040001,61.34000,8815300
2025-06-10,61.60000,62.22000,59.95100,61,5182300
2025-06-11,62.12000,65.49000,61.55000,63.5,9821400
2025-06-12,62.20000,62.98000,60.83000,61.049999,5143600
2025-06-13,58.60000,60.75500,58.53000,59.11000,6529300
2025-06-16,59.72000,61.68000,59.48000,60.85000,4354300
2025-06-17,60.37000,61.20000,59.41000,59.90000,4469300
2025-06-18,60.41000,62.60000,60.070000,61.68000,6043200
2025-06-20,62.32000,62.88000,61.48000,62.060001,4489500
2025-06-23,61.34500,62.78000,59.68100,62.19000,4296100
2025-06-24,64.99000,66.070000,63.67000,65.66000,7331000
2025-06-25,66.16500,66.50700,65.092003,66.25,4418000
2025-06-26,66.90000,67.52000,65.76000,66.90000,4897900
2025-06-27,66.88000,69.28000,66.46100,68.059998,12480200
2025-06-30,69.36000,69.75,68.050003,69.14000,4775900
2025-07-01,68.12000,69.81000,66.54000,67.099998,5526200
2025-07-02,67.42000,68.75900,67.040001,68.37000,4166600
2025-07-03,68.92000,69.77000,68.40000,69.19000,2297400
2025-07-07,68,71.375,67.69000,71.23000,5821200
2025-07-08,71.35000,73.11000,66.87000,67.73000,6666200
2025-07-09,68.75,69.5,67.74000,69.070000,4035000
2025-07-10,69.11000,69.36700,67.19000,68.54500,4054900
2025-07-11,67.96000,69.91000,64.50400,64.72000,8046000
2025-07-14,62.26000,65.23700,62.040001,64.050003,7617700
2025-07-15,64.30000,67.055000,63.40000,66.15000,5442000
2025-07-16,67.029999,67.70000,65.33000,67.21000,4940400
2025-07-17,68.80000,69.98500,67.48000,69.47000,7515800
2025-07-18,69.39000,70.40000,66.94000,68.90000,4210900
2025-07-21,70.34000,71.18000,66.73000,66.75,4640500
2025-07-22,66.43000,66.75,63.67600,65.43000,5163300
2025-07-23,66,66.080002,64.042000,65.64000,4010100
2025-07-24,65.62000,66.89000,65.33000,65.82000,3080700
2025-07-25,65.83500,67.50500,65.67600,67.089996,3058800
2025-07-28,68,68.40000,67.099998,67.51000,2310700
2025-07-29,68.070000,69.60000,66.34000,67.96000,3905400
2025-07-30,67.96000,69.42000,66.53000,67.43000,4896900
2025-07-31,67.87000,69.52500,67.20300,68.56000,4453700
2025-08-01,65.45000,67.30200,62.62000,66.41000,4964700
2025-08-04,68,75.16000,67.60500,74.79000,9889600
2025-08-05,75.050003,75.13000,71.36000,74.86000,6531600
2025-08-06,75,77.74000,74.30000,77.28000,6297600
2025-08-07,78.37000,79.69000,76.69000,78.96000,5277600
2025-08-08,79.375,79.375,71.25,72.33000,9328600
2025-08-11,71.29000,74.18500,69.80000,72.97000,4722600
2025-08-12,74.96500,77.48000,74.34000,76.88500,5041200
2025-08-13,78.65500,78.78000,76.86000,77.71000,4084300
2025-08-14,76.19000,77.52000,74.92000,77.019997,5222000
2025-08-15,76.93000,78.89000,76.099998,78.72000,4580400
2025-08-18,78.64500,80.15800,77.88000,78.24000,4134100
2025-08-19,76.77000,77.22000,73.35000,73.86000,5990800
2025-08-20,73.54000,74.97000,70.74000,72.98000,4958000
2025-08-21,72.43000,74.96000,71.78000,74.49000,3330800
2025-08-22,74.29000,80.41000,74.15000,79.49000,8391500
2025-08-25,78.93000,79.75,76.34000,77.39000,5661400
2025-08-26,78.32500,79.52500,77.75,77.95000,19333200
2025-08-27,77.65000,78.95000,76.43000,77.59000,6791300
2025-08-28,78.25,81.050003,78,79.99000,13987400
2025-08-29,92,100,86.76000,88.46000,43192900
2025-09-02,85.35000,86.22000,81.60000,82.22000,13888600
2025-09-03,82.91500,85.47000,82.38000,85.31000,9253000
2025-09-04,85.13400,91.34000,85.13400,89.66000,14074300
2025-09-05,91.040001,93.20000,86.44200,87.35000,9276400
2025-09-08,87.45500,88.53000,85.76000,85.88000,6400000
2025-09-09,86.010002,88.90000,84.53000,88.42000,7362900
2025-09-10,90,90.14000,83.96100,84.87000,7449200
2025-09-11,85.11000,85.68000,81.18000,81.41000,7781300
2025-09-12,81.90000,84.059998,79.40000,83.080002,7056500
2025-09-15,84.11000,89.61000,84.11000,89.43000,10280200
2025-09-16,89.097000,90.30500,86.76000,89.96000,7330800
2025-09-17,89.72000,91.17000,87.63000,90.40000,6574900
2025-09-18,91.64000,91.99000,89.33100,89.91000,5087500
2025-09-19,89.92000,92.56000,89.27600,92.18000,9494200
2025-09-22,91.019997,91.080002,87.67000,90.12000,6957000
2025-09-23,89.77000,89.84000,82.54000,82.73000,7727700
2025-09-24,84.12000,85.080002,81.42000,81.53000,5427800
2025-09-25,78.81000,80.19000,77.55000,77.94000,6659200
2025-09-26,78,78.75,75.21000,76.029999,6138900
2025-09-29,76.92000,77.57000,74.30000,76.56000,7479100
2025-09-30,76.5,76.60000,70.66000,73.080002,12011000
2025-10-01,75.99000,76.080002,73.40000,74.42000,8902200
2025-10-02,75.46500,78.059998,73.65000,77.43000,6722900
2025-10-03,77.92500,78.010002,74.38000,74.83000,5874000
2025-10-06,76.65000,77.18800,74.46000,75.86000,5298500
2025-10-07,76,77.19000,74.15000,76.65000,4699900
2025-10-08,77.20000,77.90000,74.56000,75.25,4778500
2025-10-09,75.98000,79.35000,75.72000,77.46000,8367900
2025-10-10,77.85000,78.5,71.050003,71.14000,6889100
2025-10-13,72.94000,73.95000,71.62000,73.18000,4902600
2025-10-14,71.22500,74.34000,69.76000,72.92000,3554100
2025-10-15,74.050003,75.059998,72.24000,73.059998,3880000
2025-10-16,73.35000,73.43000,68.25,69.070000,6830200
2025-10-17,68.37000,69.62000,67.49000,67.90000,5939500
2025-10-20,68.81000,72.53000,68.25,72.080002,4928500
2025-10-21,72.089996,75.25,71.56000,74.49000,5331600
2025-10-22,74.23000,74.30000,69.90000,71.93000,4483800
2025-10-23,72.76000,77,72.099998,75.54000,5571700
2025-10-24,78.17500,78.95000,75.29000,75.39000,4902700
2025-10-27,76.85000,77.35000,75.44000,76.45000,4153500
2025-10-28,76.875,77.19000,74.27000,75.92000,3596000
